image_name,probability_melanoma
ISIC_2637011,0.4777
ISIC_0015719,0.4782
ISIC_0052212,0.4779
ISIC_0074311,0.4767
ISIC_0077472,0.4797
ISIC_0078703,0.4773
ISIC_0080512,0.4779
ISIC_0080817,0.4811
ISIC_0082934,0.5317
ISIC_0084270,0.4790
ISIC_0087297,0.4797
ISIC_0088137,0.4755
ISIC_0092726,0.4863
ISIC_0097499,0.4786
ISIC_0097997,0.4753
ISIC_0098784,0.4788
ISIC_0099474,0.4800
ISIC_0103298,0.4787
ISIC_0147817,0.4792
ISIC_0147869,0.4784
ISIC_0148783,0.4778
ISIC_0149918,0.4798
ISIC_0151200,0.5232
ISIC_0152823,0.4775
ISIC_0153265,0.4747
ISIC_0154032,0.4781
ISIC_0154253,0.4723
ISIC_0154813,0.4797
ISIC_0155575,0.4786
ISIC_0157530,0.4795
ISIC_0159568,0.4786
ISIC_0160831,0.4771
ISIC_0162708,0.4783
ISIC_0165449,0.5252
ISIC_0166059,0.4788
ISIC_0166935,0.4827
ISIC_0169604,0.4787
ISIC_0170285,0.5204
ISIC_0170583,0.5205
ISIC_0170676,0.5253
ISIC_0171983,0.5313
ISIC_0174903,0.4764
ISIC_0175530,0.4787
ISIC_0177190,0.4789
ISIC_0179056,0.4787
ISIC_0179267,0.4777
ISIC_0181678,0.4736
ISIC_0182020,0.4788
ISIC_0186437,0.4773
ISIC_0186501,0.4782
ISIC_0189336,0.4763
ISIC_0189694,0.4773
ISIC_0193456,0.4792
ISIC_0194550,0.4768
ISIC_0196945,0.4822
ISIC_0197584,0.4796
ISIC_0197873,0.4771
ISIC_0199494,0.4769
ISIC_0199719,0.4784
ISIC_0200921,0.5224
ISIC_0204994,0.5194
ISIC_0206758,0.4765
ISIC_0207209,0.4783
ISIC_0207341,0.4804
ISIC_0210830,0.5268
ISIC_0212774,0.5205
ISIC_0214635,0.4797
ISIC_0215112,0.4798
ISIC_0215966,0.4770
ISIC_0219493,0.4766
ISIC_0220461,0.4731
ISIC_0220926,0.4749
ISIC_0222117,0.5257
ISIC_0224921,0.4771
ISIC_0225245,0.4780
ISIC_0225295,0.4772
ISIC_0226137,0.4731
ISIC_0228497,0.4772
ISIC_0228659,0.5229
ISIC_0228718,0.4803
ISIC_0229459,0.4782
ISIC_0229510,0.4765
ISIC_0229600,0.4766
ISIC_0229871,0.4780
ISIC_0230516,0.4796
ISIC_0231828,0.4757
ISIC_0232274,0.4746
ISIC_0234140,0.5325
ISIC_0234146,0.4787
ISIC_0234894,0.4778
ISIC_0235728,0.5195
ISIC_0236237,0.4791
ISIC_0236531,0.4759
ISIC_0237636,0.4994
ISIC_0238002,0.4782
ISIC_0238570,0.4829
ISIC_0243160,0.4742
ISIC_0243683,0.5275
ISIC_0243849,0.4774
ISIC_0244197,0.4782
ISIC_0247197,0.5233
ISIC_0249212,0.4772
ISIC_0249982,0.5186
ISIC_0250069,0.4762
ISIC_0250839,0.5277
ISIC_0250842,0.4744
ISIC_0251149,0.5186
ISIC_0253367,0.4780
ISIC_0254698,0.4776
ISIC_0255997,0.4771
ISIC_0260290,0.5127
ISIC_0260475,0.5053
ISIC_0262276,0.5083
ISIC_0262401,0.4747
ISIC_0263478,0.4782
ISIC_0265576,0.5221
ISIC_0266738,0.4958
ISIC_0268080,0.5249
ISIC_0268703,0.4763
ISIC_0271299,0.4737
ISIC_0271408,0.4790
ISIC_0272567,0.4785
ISIC_0273046,0.4808
ISIC_0275693,0.5232
ISIC_0275984,0.5242
ISIC_0277859,0.4722
ISIC_0278126,0.4783
ISIC_0280208,0.4723
ISIC_0280603,0.4754
ISIC_0281286,0.4776
ISIC_0281291,0.4751
ISIC_0281658,0.4709
ISIC_0281753,0.4783
ISIC_0282281,0.4809
ISIC_0283511,0.4768
ISIC_0284295,0.4783
ISIC_0287784,0.4792
ISIC_0287804,0.4794
ISIC_0291277,0.4723
ISIC_0292349,0.4759
ISIC_0293086,0.4773
ISIC_0294733,0.4785
ISIC_0295323,0.4782
ISIC_0297558,0.4768
ISIC_0298093,0.4767
ISIC_0298274,0.5226
ISIC_0301191,0.4770
ISIC_0301404,0.4767
ISIC_0301568,0.4767
ISIC_0302441,0.4785
ISIC_0304649,0.4761
ISIC_0304703,0.4749
ISIC_0305679,0.4778
ISIC_0307958,0.5223
ISIC_0309912,0.4746
ISIC_0311369,0.4800
ISIC_0312662,0.4786
ISIC_0316025,0.4783
ISIC_0316788,0.5216
ISIC_0316826,0.5227
ISIC_0317589,0.4717
ISIC_0322340,0.4902
ISIC_0322371,0.4799
ISIC_0324600,0.4798
ISIC_0327406,0.4955
ISIC_0332337,0.4752
ISIC_0333051,0.5198
ISIC_0333215,0.5293
ISIC_0334153,0.4762
ISIC_0337921,0.4798
ISIC_0338723,0.4741
ISIC_0339930,0.4787
ISIC_0339959,0.4821
ISIC_0341262,0.4787
ISIC_0341298,0.4787
ISIC_0341350,0.4767
ISIC_0343860,0.4742
ISIC_0344052,0.5248
ISIC_0347263,0.4763
ISIC_0348150,0.4773
ISIC_0348503,0.4771
ISIC_0348633,0.4785
ISIC_0350269,0.5190
ISIC_0351547,0.4780
ISIC_0355023,0.4742
ISIC_0355920,0.4776
ISIC_0357231,0.4778
ISIC_0358285,0.4779
ISIC_0359698,0.4768
ISIC_0361034,0.4791
ISIC_0361149,0.4786
ISIC_0361529,0.5256
ISIC_0361914,0.4755
ISIC_0362039,0.4778
ISIC_0366085,0.4847
ISIC_0367913,0.5242
ISIC_0368894,0.4772
ISIC_0370132,0.4767
ISIC_0372376,0.4757
ISIC_0372456,0.4785
ISIC_0374029,0.4791
ISIC_0377213,0.4797
ISIC_0377965,0.5240
ISIC_0378118,0.4783
ISIC_0378399,0.5257
ISIC_0379551,0.5274
ISIC_0381051,0.4968
ISIC_0381169,0.4776
ISIC_0382519,0.4793
ISIC_0383804,0.5255
ISIC_0384664,0.4791
ISIC_0388873,0.4788
ISIC_0391694,0.4776
ISIC_0391767,0.4776
ISIC_0392966,0.5253
ISIC_0393088,0.5232
ISIC_0397620,0.4778
ISIC_0398140,0.4727
ISIC_0399220,0.4786
ISIC_0401078,0.5256
ISIC_0401116,0.4794
ISIC_0401522,0.4779
ISIC_0403458,0.4772
ISIC_0403893,0.4783
ISIC_0404809,0.5293
ISIC_0405652,0.4745
ISIC_0407005,0.4781
ISIC_0407905,0.5205
ISIC_0409276,0.4733
ISIC_0410826,0.4783
ISIC_0411005,0.4820
ISIC_0411589,0.4762
ISIC_0411688,0.4792
ISIC_0413111,0.4779
ISIC_0413173,0.4776
ISIC_0413247,0.4784
ISIC_0413512,0.5265
ISIC_0413575,0.4779
ISIC_0413715,0.4774
ISIC_0414670,0.4716
ISIC_0418519,0.4707
ISIC_0422139,0.4784
ISIC_0423722,0.4764
ISIC_0429932,0.4737
ISIC_0431547,0.4780
ISIC_0432164,0.4786
ISIC_0433569,0.5282
ISIC_0433647,0.4771
ISIC_0433742,0.4776
ISIC_0434114,0.4754
ISIC_0435434,0.5229
ISIC_0436994,0.4724
ISIC_0437828,0.5237
ISIC_0437978,0.4755
ISIC_0438234,0.4800
ISIC_0438437,0.4809
ISIC_0439839,0.5258
ISIC_0440582,0.4791
ISIC_0440848,0.5183
ISIC_0441415,0.4719
ISIC_0442749,0.5182
ISIC_0444603,0.4742
ISIC_0445396,0.5273
ISIC_0448016,0.4789
ISIC_0449568,0.4766
ISIC_0452356,0.4780
ISIC_0452388,0.4753
ISIC_0452656,0.4731
ISIC_0453714,0.4743
ISIC_0456901,0.4820
ISIC_0457868,0.4774
ISIC_0458106,0.5225
ISIC_0458561,0.5263
ISIC_0459035,0.4775
ISIC_0460608,0.4768
ISIC_0460833,0.4996
ISIC_0462956,0.4740
ISIC_0463308,0.4762
ISIC_0463621,0.4766
ISIC_0465385,0.4737
ISIC_0467100,0.4776
ISIC_0467553,0.4770
ISIC_0467724,0.4794
ISIC_0467850,0.4769
ISIC_0468611,0.4788
ISIC_0470210,0.4719
ISIC_0470224,0.5199
ISIC_0470629,0.4759
ISIC_0472513,0.4765
ISIC_0473135,0.4775
ISIC_0475746,0.5063
ISIC_0477201,0.5273
ISIC_0480590,0.4753
ISIC_0481425,0.4887
ISIC_0483649,0.5252
ISIC_0485881,0.4774
ISIC_0485914,0.4782
ISIC_0486516,0.4786
ISIC_0487460,0.5141
ISIC_0488192,0.4774
ISIC_0488595,0.4768
ISIC_0489611,0.4791
ISIC_0490442,0.4790
ISIC_0490714,0.4769
ISIC_0492473,0.4883
ISIC_0492483,0.4774
ISIC_0492862,0.5250
ISIC_0493653,0.5225
ISIC_0496971,0.4768
ISIC_0497390,0.4750
ISIC_0497817,0.5274
ISIC_0498037,0.4787
ISIC_0503937,0.5246
ISIC_0504730,0.5259
ISIC_0506901,0.4816
ISIC_0507189,0.4789
ISIC_0512005,0.4773
ISIC_0516982,0.4751
ISIC_0517814,0.4785
ISIC_0518352,0.4807
ISIC_0519386,0.4792
ISIC_0519705,0.4714
ISIC_0522865,0.4765
ISIC_0523031,0.4729
ISIC_0524046,0.4735
ISIC_0526861,0.4717
ISIC_0527350,0.4792
ISIC_0528495,0.5254
ISIC_0529518,0.4782
ISIC_0530355,0.4771
ISIC_0531490,0.4800
ISIC_0532824,0.4781
ISIC_0533122,0.5234
ISIC_0533180,0.5256
ISIC_0534674,0.4764
ISIC_0536321,0.4759
ISIC_0536433,0.4763
ISIC_0539380,0.4720
ISIC_0539604,0.4744
ISIC_0543132,0.5027
ISIC_0546980,0.4767
ISIC_0547769,0.5231
ISIC_0547934,0.4761
ISIC_0548447,0.4756
ISIC_0548904,0.4778
ISIC_0549211,0.4749
ISIC_0550051,0.4753
ISIC_0550406,0.4773
ISIC_0551712,0.4768
ISIC_0552221,0.4775
ISIC_0552960,0.4725
ISIC_0553565,0.4783
ISIC_0555146,0.4785
ISIC_0557377,0.4794
ISIC_0558046,0.4724
ISIC_0559481,0.4786
ISIC_0560916,0.4809
ISIC_0561104,0.5046
ISIC_0561944,0.4774
ISIC_0562223,0.4777
ISIC_0565120,0.4768
ISIC_0565251,0.4778
ISIC_0565836,0.4776
ISIC_0565905,0.4769
ISIC_0566341,0.4746
ISIC_0574880,0.5198
ISIC_0575072,0.4807
ISIC_0580222,0.4790
ISIC_0584464,0.4789
ISIC_0584566,0.4797
ISIC_0588103,0.4764
ISIC_0590790,0.4775
ISIC_0594068,0.4768
ISIC_0595199,0.4769
ISIC_0596089,0.4763
ISIC_0596607,0.4771
ISIC_0597158,0.4762
ISIC_0601107,0.4787
ISIC_0601576,0.4760
ISIC_0603777,0.4772
ISIC_0606437,0.4788
ISIC_0606583,0.4795
ISIC_0607324,0.4793
ISIC_0608625,0.4787
ISIC_0610849,0.4745
ISIC_0613014,0.4785
ISIC_0613457,0.4779
ISIC_0616698,0.4778
ISIC_0618119,0.4776
ISIC_0619244,0.4790
ISIC_0619514,0.5256
ISIC_0621550,0.5241
ISIC_0622084,0.4721
ISIC_0623386,0.4775
ISIC_0624747,0.4787
ISIC_0624783,0.5228
ISIC_0626118,0.5205
ISIC_0626390,0.4792
ISIC_0627369,0.5284
ISIC_0627979,0.4792
ISIC_0628352,0.4789
ISIC_0629437,0.4766
ISIC_0632512,0.4789
ISIC_0633013,0.4769
ISIC_0636587,0.5164
ISIC_0637539,0.4794
ISIC_0637965,0.4756
ISIC_0639140,0.4779
ISIC_0640895,0.4778
ISIC_0641330,0.4714
ISIC_0642200,0.4754
ISIC_0642269,0.4764
ISIC_0645462,0.5215
ISIC_0651114,0.4790
ISIC_0652205,0.5186
ISIC_0654462,0.4773
ISIC_0655205,0.4724
ISIC_0655316,0.4710
ISIC_0658225,0.4782
ISIC_0658963,0.4757
ISIC_0662000,0.5256
ISIC_0662911,0.5225
ISIC_0664115,0.4763
ISIC_0668924,0.4754
ISIC_0669411,0.4785
ISIC_0669766,0.5127
ISIC_0673183,0.4783
ISIC_0674472,0.4725
ISIC_0674662,0.5267
ISIC_0678121,0.4745
ISIC_0678758,0.5005
ISIC_0678913,0.4717
ISIC_0679781,0.4785
ISIC_0679972,0.4774
ISIC_0682086,0.4784
ISIC_0682403,0.4740
ISIC_0684951,0.4767
ISIC_0687455,0.4745
ISIC_0687554,0.4796
ISIC_0690822,0.4789
ISIC_0692285,0.5227
ISIC_0693968,0.5251
ISIC_0694037,0.5267
ISIC_0694559,0.4766
ISIC_0695029,0.5261
ISIC_0696303,0.4784
ISIC_0696408,0.4732
ISIC_0699772,0.5198
ISIC_0701455,0.4766
ISIC_0702317,0.5285
ISIC_0704618,0.5139
ISIC_0706512,0.4755
ISIC_0707619,0.4786
ISIC_0709041,0.4781
ISIC_0709699,0.4760
ISIC_0709934,0.4773
ISIC_0711803,0.4768
ISIC_0718436,0.4793
ISIC_0720915,0.4803
ISIC_0721819,0.4782
ISIC_0722367,0.4791
ISIC_0723595,0.5195
ISIC_0726626,0.5235
ISIC_0727016,0.4746
ISIC_0728291,0.4795
ISIC_0732102,0.4789
ISIC_0732389,0.4772
ISIC_0737125,0.4721
ISIC_0737399,0.5016
ISIC_0737413,0.4722
ISIC_0740118,0.4752
ISIC_0745395,0.4786
ISIC_0745721,0.4809
ISIC_0746397,0.4729
ISIC_0748416,0.4807
ISIC_0751211,0.4771
ISIC_0752546,0.4726
ISIC_0754049,0.4769
ISIC_0754658,0.4769
ISIC_0755565,0.4780
ISIC_0756080,0.4712
ISIC_0758283,0.4795
ISIC_0758641,0.4757
ISIC_0758704,0.4712
ISIC_0758797,0.4767
ISIC_0761713,0.4770
ISIC_0762591,0.4789
ISIC_0763117,0.4767
ISIC_0763957,0.4741
ISIC_0765397,0.4799
ISIC_0765658,0.4777
ISIC_0766935,0.4790
ISIC_0770328,0.4755
ISIC_0770772,0.4804
ISIC_0770861,0.4763
ISIC_0773096,0.4779
ISIC_0775040,0.4758
ISIC_0777538,0.4788
ISIC_0779135,0.4751
ISIC_0786170,0.4777
ISIC_0786233,0.4744
ISIC_0786366,0.4780
ISIC_0787585,0.4801
ISIC_0790575,0.5033
ISIC_0794216,0.4766
ISIC_0796325,0.5240
ISIC_0798355,0.4769
ISIC_0801704,0.4723
ISIC_0803154,0.4770
ISIC_0805472,0.4782
ISIC_0806138,0.4811
ISIC_0809467,0.4765
ISIC_0810640,0.4773
ISIC_0811352,0.4746
ISIC_0811783,0.4775
ISIC_0812959,0.5214
ISIC_0813485,0.4766
ISIC_0817914,0.4780
ISIC_0821645,0.5245
ISIC_0822842,0.4793
ISIC_0825763,0.4772
ISIC_0826213,0.4802
ISIC_0826710,0.4734
ISIC_0826834,0.4771
ISIC_0828120,0.5244
ISIC_0829565,0.4932
ISIC_0830217,0.4745
ISIC_0831173,0.4788
ISIC_0832651,0.4793
ISIC_0833336,0.4791
ISIC_0835067,0.5247
ISIC_0835578,0.4776
ISIC_0839323,0.5276
ISIC_0840295,0.4762
ISIC_0841762,0.4777
ISIC_0842426,0.4779
ISIC_0844312,0.5104
ISIC_0847420,0.4767
ISIC_0850065,0.5007
ISIC_0852790,0.5195
ISIC_0853430,0.4806
ISIC_0853825,0.4733
ISIC_0853884,0.5169
ISIC_0857978,0.5262
ISIC_0858513,0.4782
ISIC_0861128,0.4782
ISIC_0861322,0.4766
ISIC_0863691,0.4780
ISIC_0865443,0.4777
ISIC_0865521,0.4803
ISIC_0868636,0.4767
ISIC_0868656,0.4753
ISIC_0871035,0.5228
ISIC_0871833,0.4774
ISIC_0872145,0.4753
ISIC_0872420,0.4810
ISIC_0873044,0.4805
ISIC_0874243,0.4776
ISIC_0879020,0.4770
ISIC_0881520,0.4782
ISIC_0881573,0.4795
ISIC_0882617,0.4790
ISIC_0882705,0.4794
ISIC_0886519,0.4737
ISIC_0886700,0.4784
ISIC_0887488,0.4786
ISIC_0887792,0.5217
ISIC_0888799,0.4783
ISIC_0889205,0.4781
ISIC_0891469,0.4739
ISIC_0892980,0.4770
ISIC_0894057,0.4762
ISIC_0894136,0.4742
ISIC_0897459,0.4771
ISIC_0897876,0.4797
ISIC_0900349,0.4784
ISIC_0901213,0.5164
ISIC_0906999,0.4776
ISIC_0908367,0.4776
ISIC_0908662,0.4758
ISIC_0914812,0.4766
ISIC_0915216,0.4781
ISIC_0915311,0.4799
ISIC_0917416,0.4771
ISIC_0920968,0.4764
ISIC_0924902,0.4755
ISIC_0925139,0.4757
ISIC_0928025,0.4738
ISIC_0928604,0.4982
ISIC_0928633,0.4757
ISIC_0928982,0.4773
ISIC_0931218,0.4763
ISIC_0933075,0.5245
ISIC_0933647,0.4770
ISIC_0936865,0.4767
ISIC_0937346,0.4731
ISIC_0937378,0.5089
ISIC_0938864,0.4798
ISIC_0939642,0.5259
ISIC_0939648,0.4778
ISIC_0940385,0.5241
ISIC_0941085,0.4781
ISIC_0941302,0.4757
ISIC_0941332,0.5249
ISIC_0945844,0.4787
ISIC_0946787,0.4812
ISIC_0949164,0.5286
ISIC_0951791,0.5209
ISIC_0952472,0.5283
ISIC_0954236,0.4740
ISIC_0954841,0.4702
ISIC_0955786,0.4783
ISIC_0956562,0.4798
ISIC_0960741,0.4772
ISIC_0962601,0.4786
ISIC_0963460,0.4782
ISIC_0963536,0.4797
ISIC_0964270,0.4748
ISIC_0965652,0.4739
ISIC_0969561,0.4752
ISIC_0970616,0.4737
ISIC_0973856,0.5191
ISIC_0977333,0.5219
ISIC_0977596,0.4759
ISIC_0978194,0.4789
ISIC_0978386,0.4796
ISIC_0980513,0.4746
ISIC_0981775,0.4758
ISIC_0982757,0.4797
ISIC_0984151,0.4762
ISIC_0985052,0.4729
ISIC_0985298,0.4746
ISIC_0985395,0.4774
ISIC_0985863,0.4722
ISIC_0987830,0.4755
ISIC_0988712,0.4794
ISIC_0991731,0.5164
ISIC_0994556,0.4720
ISIC_0996501,0.5270
ISIC_0999592,0.5178
ISIC_0999642,0.4764
ISIC_1003459,0.4764
ISIC_1003703,0.4782
ISIC_1005683,0.5187
ISIC_1007014,0.5108
ISIC_1007608,0.5184
ISIC_1008321,0.5242
ISIC_1009958,0.4779
ISIC_1015264,0.4778
ISIC_1017377,0.5199
ISIC_1018102,0.4756
ISIC_1020862,0.4748
ISIC_1022653,0.4781
ISIC_1023810,0.4760
ISIC_1024269,0.4801
ISIC_1024569,0.4798
ISIC_1025192,0.4778
ISIC_1026382,0.4757
ISIC_1026757,0.5246
ISIC_1026770,0.4767
ISIC_1027856,0.5262
ISIC_1032826,0.4773
ISIC_1033336,0.5224
ISIC_1037260,0.4770
ISIC_1040841,0.4798
ISIC_1041406,0.4764
ISIC_1042111,0.5220
ISIC_1043219,0.4739
ISIC_1044344,0.4778
ISIC_1044758,0.4779
ISIC_1045706,0.4758
ISIC_1050000,0.5231
ISIC_1051595,0.4771
ISIC_1053021,0.4767
ISIC_1056183,0.4794
ISIC_1057607,0.4782
ISIC_1060006,0.4778
ISIC_1060448,0.4715
ISIC_1061363,0.4780
ISIC_1062359,0.4764
ISIC_1065110,0.5264
ISIC_1066973,0.5274
ISIC_1067806,0.4790
ISIC_1070864,0.4773
ISIC_1071355,0.5236
ISIC_1071617,0.5239
ISIC_1072321,0.4783
ISIC_1073233,0.5217
ISIC_1075054,0.4797
ISIC_1075231,0.4777
ISIC_1079829,0.4719
ISIC_1080647,0.5282
ISIC_1084452,0.4745
ISIC_1086387,0.5192
ISIC_1087705,0.4792
ISIC_1088705,0.4754
ISIC_1091626,0.4768
ISIC_1092323,0.5219
ISIC_1092935,0.4777
ISIC_1093722,0.4764
ISIC_1100216,0.4757
ISIC_1108204,0.5236
ISIC_1111163,0.4750
ISIC_1114966,0.4717
ISIC_1115160,0.4752
ISIC_1115266,0.4795
ISIC_1115695,0.4789
ISIC_1116949,0.4818
ISIC_1117996,0.4762
ISIC_1121883,0.4746
ISIC_1122524,0.4774
ISIC_1122796,0.5214
ISIC_1124566,0.5148
ISIC_1126202,0.5136
ISIC_1129508,0.4775
ISIC_1136870,0.4779
ISIC_1140717,0.4785
ISIC_1141666,0.5285
ISIC_1144286,0.5216
ISIC_1145290,0.4782
ISIC_1145799,0.4798
ISIC_1147442,0.4765
ISIC_1147965,0.5241
ISIC_1151269,0.4774
ISIC_1151910,0.4746
ISIC_1153069,0.5244
ISIC_1154072,0.4764
ISIC_1158065,0.4775
ISIC_1161370,0.4818
ISIC_1161650,0.4781
ISIC_1162156,0.4795
ISIC_1162288,0.4761
ISIC_1163258,0.4799
ISIC_1164360,0.5306
ISIC_1164529,0.5275
ISIC_1166920,0.4803
ISIC_1167108,0.4786
ISIC_1168355,0.4779
ISIC_1170910,0.4746
ISIC_1170961,0.4791
ISIC_1171426,0.4791
ISIC_1172768,0.4774
ISIC_1175776,0.5287
ISIC_1176231,0.4770
ISIC_1183565,0.4803
ISIC_1185468,0.4762
ISIC_1185497,0.5243
ISIC_1187477,0.4732
ISIC_1188525,0.4784
ISIC_1189627,0.4788
ISIC_1189712,0.4788
ISIC_1191367,0.4771
ISIC_1192253,0.4766
ISIC_1192917,0.4800
ISIC_1193513,0.4778
ISIC_1194944,0.4722
ISIC_1195689,0.4786
ISIC_1196326,0.4788
ISIC_1198422,0.4787
ISIC_1199236,0.5214
ISIC_1200075,0.5202
ISIC_1200192,0.5327
ISIC_1200689,0.4813
ISIC_1200819,0.4779
ISIC_1201857,0.4795
ISIC_1202785,0.5233
ISIC_1204284,0.4752
ISIC_1204286,0.4777
ISIC_1204619,0.4740
ISIC_1206021,0.4997
ISIC_1207456,0.4766
ISIC_1209365,0.5259
ISIC_1209726,0.4762
ISIC_1210338,0.5175
ISIC_1211506,0.4778
ISIC_1212587,0.4718
ISIC_1215482,0.4790
ISIC_1216201,0.4789
ISIC_1216822,0.4778
ISIC_1219783,0.5284
ISIC_1220029,0.4797
ISIC_1223849,0.4772
ISIC_1224650,0.5299
ISIC_1225369,0.4751
ISIC_1225511,0.4792
ISIC_1226440,0.5284
ISIC_1227931,0.4764
ISIC_1228845,0.5200
ISIC_1228909,0.5223
ISIC_1228927,0.4715
ISIC_1229366,0.4790
ISIC_1229548,0.4746
ISIC_1231419,0.5214
ISIC_1231722,0.4804
ISIC_1232778,0.4761
ISIC_1233104,0.5206
ISIC_1233389,0.4793
ISIC_1233830,0.4780
ISIC_1234240,0.4806
ISIC_1234254,0.4766
ISIC_1234310,0.4775
ISIC_1235053,0.4775
ISIC_1237266,0.4771
ISIC_1237500,0.4764
ISIC_1242176,0.4788
ISIC_1243938,0.4768
ISIC_1246016,0.4775
ISIC_1247037,0.4763
ISIC_1248275,0.4749
ISIC_1248876,0.4787
ISIC_1251364,0.5233
ISIC_1251639,0.5226
ISIC_1253009,0.4793
ISIC_1253150,0.4804
ISIC_1258271,0.4725
ISIC_1258756,0.4761
ISIC_1258986,0.5299
ISIC_1259230,0.5277
ISIC_1261530,0.5240
ISIC_1261939,0.4760
ISIC_1264576,0.4794
ISIC_1264722,0.5286
ISIC_1264914,0.4791
ISIC_1265382,0.4769
ISIC_1265427,0.4784
ISIC_1265609,0.4803
ISIC_1265653,0.5254
ISIC_1265755,0.4774
ISIC_1266424,0.5285
ISIC_1266695,0.4742
ISIC_1266707,0.4775
ISIC_1269461,0.4769
ISIC_1269601,0.4785
ISIC_1273353,0.5164
ISIC_1279650,0.4776
ISIC_1280112,0.4773
ISIC_1280780,0.4715
ISIC_1281742,0.4722
ISIC_1283320,0.5183
ISIC_1285997,0.5178
ISIC_1287173,0.4770
ISIC_1289608,0.4784
ISIC_1290295,0.4795
ISIC_1292607,0.5241
ISIC_1293501,0.5175
ISIC_1296490,0.5246
ISIC_1298092,0.4797
ISIC_1298253,0.4765
ISIC_1299388,0.4785
ISIC_1303205,0.4771
ISIC_1307045,0.4749
ISIC_1310183,0.4745
ISIC_1310639,0.5129
ISIC_1314474,0.5281
ISIC_1315068,0.5231
ISIC_1315424,0.5213
ISIC_1318493,0.4757
ISIC_1319537,0.4799
ISIC_1321376,0.4712
ISIC_1323427,0.4803
ISIC_1327515,0.4782
ISIC_1329224,0.5263
ISIC_1329932,0.4780
ISIC_1332766,0.4797
ISIC_1333049,0.4781
ISIC_1336351,0.4790
ISIC_1342801,0.4722
ISIC_1346562,0.4750
ISIC_1346688,0.5215
ISIC_1348050,0.4767
ISIC_1348843,0.4782
ISIC_1349042,0.5128
ISIC_1349234,0.4777
ISIC_1350659,0.4774
ISIC_1351604,0.4732
ISIC_1352841,0.5272
ISIC_1352911,0.4751
ISIC_1353051,0.5278
ISIC_1354862,0.4785
ISIC_1357166,0.4777
ISIC_1357175,0.4774
ISIC_1357836,0.5211
ISIC_1358147,0.5232
ISIC_1358757,0.4756
ISIC_1359387,0.4771
ISIC_1361124,0.5249
ISIC_1361799,0.4762
ISIC_1362265,0.4772
ISIC_1363372,0.4788
ISIC_1363718,0.5050
ISIC_1364848,0.4765
ISIC_1365061,0.4788
ISIC_1368336,0.4798
ISIC_1368549,0.4774
ISIC_1369967,0.5238
ISIC_1370034,0.4775
ISIC_1371223,0.5238
ISIC_1376528,0.4792
ISIC_1378570,0.4771
ISIC_1379405,0.4783
ISIC_1383347,0.4854
ISIC_1384932,0.4810
ISIC_1388230,0.4780
ISIC_1388984,0.4781
ISIC_1389438,0.4714
ISIC_1389563,0.4771
ISIC_1392459,0.4793
ISIC_1393771,0.5270
ISIC_1394786,0.4781
ISIC_1395471,0.4794
ISIC_1397669,0.5324
ISIC_1398631,0.4786
ISIC_1398930,0.4852
ISIC_1404316,0.4777
ISIC_1405454,0.5327
ISIC_1408033,0.4753
ISIC_1411366,0.4958
ISIC_1411384,0.4737
ISIC_1412409,0.5227
ISIC_1412759,0.4778
ISIC_1412843,0.5199
ISIC_1413242,0.4872
ISIC_1413589,0.4767
ISIC_1421568,0.4756
ISIC_1426331,0.4742
ISIC_1433739,0.4771
ISIC_1434141,0.4913
ISIC_1434340,0.4729
ISIC_1435946,0.4773
ISIC_1436124,0.4761
ISIC_1436856,0.4778
ISIC_1437529,0.4723
ISIC_1437817,0.4792
ISIC_1437974,0.4782
ISIC_1438269,0.4797
ISIC_1438584,0.4777
ISIC_1439681,0.4778
ISIC_1444214,0.4730
ISIC_1445790,0.4738
ISIC_1447118,0.4865
ISIC_1448835,0.4800
ISIC_1449910,0.4947
ISIC_1449915,0.5250
ISIC_1450003,0.4730
ISIC_1450315,0.5267
ISIC_1452314,0.5161
ISIC_1453101,0.4762
ISIC_1453526,0.4736
ISIC_1453787,0.4777
ISIC_1454692,0.4757
ISIC_1460786,0.4776
ISIC_1461419,0.4755
ISIC_1461507,0.5264
ISIC_1461940,0.4722
ISIC_1462996,0.5254
ISIC_1463406,0.4779
ISIC_1464309,0.4774
ISIC_1467083,0.5122
ISIC_1467289,0.4777
ISIC_1467583,0.5277
ISIC_1469861,0.4723
ISIC_1470522,0.4777
ISIC_1470917,0.4773
ISIC_1473379,0.4737
ISIC_1476361,0.4755
ISIC_1479949,0.4784
ISIC_1481586,0.4775
ISIC_1481965,0.4762
ISIC_1482346,0.4751
ISIC_1483604,0.4790
ISIC_1484525,0.4781
ISIC_1484659,0.5286
ISIC_1486154,0.4733
ISIC_1487640,0.4773
ISIC_1489934,0.4790
ISIC_1492055,0.4755
ISIC_1492760,0.4775
ISIC_1493235,0.4727
ISIC_1495081,0.4807
ISIC_1495793,0.4777
ISIC_1496111,0.4788
ISIC_1496482,0.5075
ISIC_1497576,0.4768
ISIC_1497800,0.4790
ISIC_1497992,0.4755
ISIC_1500139,0.4782
ISIC_1502460,0.4743
ISIC_1503020,0.4741
ISIC_1504257,0.4760
ISIC_1505069,0.4721
ISIC_1505951,0.4787
ISIC_1506528,0.4759
ISIC_1506794,0.4906
ISIC_1506912,0.4778
ISIC_1507090,0.4799
ISIC_1507333,0.4774
ISIC_1508215,0.4781
ISIC_1511227,0.4723
ISIC_1514098,0.4764
ISIC_1514117,0.4808
ISIC_1514401,0.4726
ISIC_1515363,0.4783
ISIC_1515410,0.4738
ISIC_1515947,0.4774
ISIC_1517730,0.4785
ISIC_1519429,0.4789
ISIC_1522625,0.4776
ISIC_1526502,0.5211
ISIC_1527418,0.4762
ISIC_1528994,0.5258
ISIC_1532912,0.4793
ISIC_1533383,0.4776
ISIC_1533630,0.4733
ISIC_1537141,0.5265
ISIC_1541348,0.5243
ISIC_1541817,0.4796
ISIC_1543544,0.4782
ISIC_1543862,0.4771
ISIC_1544093,0.4827
ISIC_1545489,0.4774
ISIC_1545544,0.4746
ISIC_1546653,0.4760
ISIC_1548638,0.4796
ISIC_1551323,0.4744
ISIC_1552127,0.5240
ISIC_1552507,0.4781
ISIC_1552570,0.4865
ISIC_1554131,0.5242
ISIC_1555147,0.5231
ISIC_1556765,0.4797
ISIC_1556906,0.4749
ISIC_1557301,0.4773
ISIC_1558639,0.5250
ISIC_1558731,0.4773
ISIC_1560455,0.4783
ISIC_1561091,0.4789
ISIC_1561369,0.4761
ISIC_1564741,0.4763
ISIC_1565384,0.4739
ISIC_1565767,0.4773
ISIC_1566101,0.4764
ISIC_1566215,0.4755
ISIC_1566312,0.4771
ISIC_1569403,0.4748
ISIC_1569775,0.4770
ISIC_1572957,0.5201
ISIC_1575034,0.4782
ISIC_1576437,0.4718
ISIC_1577472,0.4762
ISIC_1580068,0.4769
ISIC_1583439,0.4757
ISIC_1584535,0.4775
ISIC_1584861,0.4787
ISIC_1585511,0.5249
ISIC_1588022,0.4764
ISIC_1590877,0.4809
ISIC_1592874,0.5217
ISIC_1593175,0.4737
ISIC_1593431,0.4772
ISIC_1594415,0.4788
ISIC_1595325,0.4764
ISIC_1595496,0.4778
ISIC_1600975,0.4755
ISIC_1601623,0.5243
ISIC_1602348,0.5215
ISIC_1603834,0.4776
ISIC_1605988,0.4780
ISIC_1608192,0.5062
ISIC_1608524,0.5218
ISIC_1611092,0.4859
ISIC_1612350,0.4804
ISIC_1614712,0.4759
ISIC_1615996,0.4777
ISIC_1616031,0.5224
ISIC_1617139,0.5202
ISIC_1617282,0.4762
ISIC_1617888,0.4799
ISIC_1617896,0.4788
ISIC_1618305,0.4778
ISIC_1620801,0.4775
ISIC_1620841,0.5213
ISIC_1621479,0.4791
ISIC_1627019,0.5266
ISIC_1627328,0.4761
ISIC_1627427,0.4786
ISIC_1628425,0.4760
ISIC_1628853,0.4778
ISIC_1629433,0.5219
ISIC_1631125,0.5279
ISIC_1631397,0.4773
ISIC_1632696,0.5221
ISIC_1633379,0.4765
ISIC_1634561,0.4735
ISIC_1634619,0.4761
ISIC_1637750,0.4761
ISIC_1638953,0.4769
ISIC_1639765,0.4777
ISIC_1640023,0.4777
ISIC_1641032,0.4746
ISIC_1641301,0.4742
ISIC_1641637,0.5238
ISIC_1642090,0.4788
ISIC_1650523,0.4816
ISIC_1653309,0.4771
ISIC_1653366,0.4718
ISIC_1656510,0.4786
ISIC_1657434,0.4757
ISIC_1658978,0.4778
ISIC_1659656,0.4796
ISIC_1660143,0.4800
ISIC_1663002,0.4750
ISIC_1664534,0.4768
ISIC_1665118,0.4775
ISIC_1668698,0.5203
ISIC_1669804,0.4763
ISIC_1670106,0.4786
ISIC_1672821,0.4777
ISIC_1674776,0.5261
ISIC_1676826,0.4802
ISIC_1677088,0.4750
ISIC_1680502,0.4785
ISIC_1681934,0.5048
ISIC_1681964,0.4791
ISIC_1683052,0.4764
ISIC_1684107,0.5287
ISIC_1684266,0.4778
ISIC_1684829,0.4783
ISIC_1687478,0.4782
ISIC_1690909,0.4753
ISIC_1691676,0.4767
ISIC_1691732,0.4731
ISIC_1691740,0.4713
ISIC_1691901,0.4862
ISIC_1693458,0.4777
ISIC_1695805,0.4756
ISIC_1697381,0.5058
ISIC_1698942,0.5221
ISIC_1700513,0.4781
ISIC_1703130,0.4818
ISIC_1706318,0.4773
ISIC_1706973,0.4775
ISIC_1708681,0.4783
ISIC_1709377,0.4779
ISIC_1709788,0.5280
ISIC_1711185,0.4776
ISIC_1711408,0.5240
ISIC_1715110,0.4904
ISIC_1718418,0.4786
ISIC_1718707,0.4753
ISIC_1719236,0.4782
ISIC_1719300,0.4749
ISIC_1720411,0.4751
ISIC_1720856,0.4765
ISIC_1723279,0.4725
ISIC_1726410,0.4754
ISIC_1726444,0.4766
ISIC_1727369,0.4780
ISIC_1729039,0.4740
ISIC_1729223,0.5236
ISIC_1729465,0.4720
ISIC_1729949,0.4791
ISIC_1732527,0.4735
ISIC_1732652,0.5237
ISIC_1733239,0.4716
ISIC_1734817,0.4778
ISIC_1735950,0.4764
ISIC_1738117,0.4762
ISIC_1738296,0.4770
ISIC_1738649,0.4781
ISIC_1739120,0.4743
ISIC_1739667,0.4775
ISIC_1740430,0.5160
ISIC_1740983,0.4784
ISIC_1743989,0.4776
ISIC_1745477,0.4748
ISIC_1745646,0.4789
ISIC_1745816,0.4773
ISIC_1746875,0.4811
ISIC_1748719,0.4759
ISIC_1748818,0.4759
ISIC_1750235,0.5222
ISIC_1753877,0.4778
ISIC_1756631,0.4818
ISIC_1759817,0.4780
ISIC_1762555,0.5241
ISIC_1763257,0.4726
ISIC_1766413,0.5339
ISIC_1768217,0.4770
ISIC_1768325,0.5239
ISIC_1772523,0.4764
ISIC_1772784,0.4775
ISIC_1774027,0.4801
ISIC_1774715,0.5200
ISIC_1777292,0.4766
ISIC_1777710,0.4750
ISIC_1783727,0.5306
ISIC_1786025,0.4766
ISIC_1786464,0.4789
ISIC_1787444,0.4748
ISIC_1788979,0.4812
ISIC_1790808,0.4782
ISIC_1794249,0.4797
ISIC_1795502,0.5243
ISIC_1797927,0.4954
ISIC_1802502,0.5286
ISIC_1802793,0.4759
ISIC_1802797,0.4738
ISIC_1803252,0.4716
ISIC_1805921,0.4793
ISIC_1806761,0.4719
ISIC_1807319,0.5166
ISIC_1807638,0.4788
ISIC_1808804,0.4775
ISIC_1810790,0.4761
ISIC_1811256,0.5248
ISIC_1815136,0.4775
ISIC_1815282,0.4877
ISIC_1817714,0.5235
ISIC_1818071,0.4793
ISIC_1818920,0.5268
ISIC_1819071,0.4775
ISIC_1819289,0.4896
ISIC_1820389,0.4854
ISIC_1825481,0.4781
ISIC_1829378,0.4741
ISIC_1831304,0.4815
ISIC_1832110,0.4778
ISIC_1832586,0.5277
ISIC_1833122,0.4790
ISIC_1834367,0.5177
ISIC_1834652,0.4799
ISIC_1835426,0.4845
ISIC_1836985,0.4805
ISIC_1838216,0.5249
ISIC_1843053,0.4738
ISIC_1843497,0.4781
ISIC_1843876,0.4785
ISIC_1844425,0.4922
ISIC_1844585,0.4822
ISIC_1845331,0.5202
ISIC_1845580,0.4784
ISIC_1846183,0.5255
ISIC_1846341,0.4805
ISIC_1847200,0.4763
ISIC_1849227,0.4753
ISIC_1849442,0.4767
ISIC_1850122,0.4767
ISIC_1850483,0.4777
ISIC_1851112,0.4782
ISIC_1851985,0.4755
ISIC_1852015,0.4781
ISIC_1853799,0.4768
ISIC_1854161,0.4850
ISIC_1855725,0.4752
ISIC_1857989,0.4794
ISIC_1858948,0.4797
ISIC_1859522,0.4748
ISIC_1859641,0.4800
ISIC_1860429,0.4794
ISIC_1860548,0.4788
ISIC_1864858,0.4734
ISIC_1868315,0.4776
ISIC_1868991,0.4740
ISIC_1869864,0.5263
ISIC_1870005,0.4753
ISIC_1872534,0.4798
ISIC_1874969,0.4765
ISIC_1875729,0.4744
ISIC_1875989,0.4781
ISIC_1877535,0.4740
ISIC_1879936,0.4761
ISIC_1880403,0.4760
ISIC_1880716,0.4751
ISIC_1883008,0.4791
ISIC_1883184,0.4794
ISIC_1885174,0.4868
ISIC_1886719,0.5260
ISIC_1887093,0.4821
ISIC_1887768,0.4740
ISIC_1888961,0.4762
ISIC_1890263,0.4766
ISIC_1894639,0.4757
ISIC_1894741,0.5294
ISIC_1897994,0.5264
ISIC_1901298,0.5212
ISIC_1902401,0.4773
ISIC_1904980,0.4775
ISIC_1907792,0.4773
ISIC_1907939,0.4789
ISIC_1907984,0.4805
ISIC_1908801,0.4786
ISIC_1911358,0.4781
ISIC_1911390,0.4796
ISIC_1912184,0.4773
ISIC_1917581,0.4773
ISIC_1919829,0.5263
ISIC_1922844,0.4773
ISIC_1923467,0.4768
ISIC_1924949,0.4795
ISIC_1926856,0.4778
ISIC_1928712,0.5191
ISIC_1929037,0.4784
ISIC_1929937,0.4779
ISIC_1930598,0.4712
ISIC_1935204,0.5220
ISIC_1937197,0.4715
ISIC_1938535,0.5244
ISIC_1940615,0.4750
ISIC_1941920,0.4795
ISIC_1944712,0.4770
ISIC_1945381,0.4797
ISIC_1947992,0.4775
ISIC_1950002,0.5149
ISIC_1950569,0.4735
ISIC_1950847,0.5261
ISIC_1952298,0.4775
ISIC_1953293,0.4876
ISIC_1956354,0.4781
ISIC_1957488,0.4784
ISIC_1957685,0.4798
ISIC_1957989,0.4767
ISIC_1959715,0.4778
ISIC_1960067,0.4882
ISIC_1960360,0.4760
ISIC_1961412,0.4773
ISIC_1964624,0.4773
ISIC_1964765,0.4729
ISIC_1966014,0.4785
ISIC_1967171,0.4788
ISIC_1968421,0.4786
ISIC_1968712,0.4760
ISIC_1973815,0.5275
ISIC_1974094,0.5229
ISIC_1975665,0.4722
ISIC_1976244,0.4792
ISIC_1976444,0.4727
ISIC_1980135,0.4780
ISIC_1982295,0.4764
ISIC_1983516,0.5215
ISIC_1984442,0.5259
ISIC_1984995,0.4779
ISIC_1988080,0.4781
ISIC_1989365,0.4777
ISIC_1990429,0.4782
ISIC_1990514,0.4765
ISIC_1990651,0.4775
ISIC_1990771,0.5229
ISIC_1991528,0.5270
ISIC_1992621,0.4772
ISIC_1993374,0.4798
ISIC_1993529,0.4791
ISIC_1997692,0.4733
ISIC_1998942,0.4787
ISIC_2000184,0.4991
ISIC_2000319,0.4774
ISIC_2000959,0.4766
ISIC_2001699,0.4776
ISIC_2005921,0.4737
ISIC_2006074,0.5343
ISIC_2010841,0.4735
ISIC_2011145,0.5194
ISIC_2011758,0.4757
ISIC_2012509,0.5250
ISIC_2014399,0.4787
ISIC_2019110,0.4785
ISIC_2021296,0.5210
ISIC_2027705,0.4730
ISIC_2027733,0.4726
ISIC_2031177,0.5204
ISIC_2031794,0.4776
ISIC_2032658,0.5271
ISIC_2032815,0.4722
ISIC_2033046,0.4782
ISIC_2039259,0.4796
ISIC_2041385,0.4779
ISIC_2046079,0.4770
ISIC_2047914,0.5337
ISIC_2048945,0.4775
ISIC_2049142,0.5246
ISIC_2053051,0.4790
ISIC_2057074,0.4788
ISIC_2057729,0.4756
ISIC_2057990,0.4740
ISIC_2060202,0.5236
ISIC_2061854,0.4703
ISIC_2061919,0.4785
ISIC_2061933,0.4781
ISIC_2064350,0.4772
ISIC_2066146,0.4731
ISIC_2066769,0.4754
ISIC_2066825,0.5247
ISIC_2067576,0.4783
ISIC_2069179,0.4728
ISIC_2069765,0.4795
ISIC_2070595,0.4798
ISIC_2071418,0.5183
ISIC_2071966,0.5241
ISIC_2072219,0.5292
ISIC_2072302,0.4792
ISIC_2073666,0.5253
ISIC_2079121,0.4781
ISIC_2079300,0.4778
ISIC_2079466,0.4707
ISIC_2080351,0.4787
ISIC_2081142,0.4786
ISIC_2086082,0.4789
ISIC_2086525,0.5268
ISIC_2087446,0.5268
ISIC_2092150,0.5296
ISIC_2094064,0.5243
ISIC_2094429,0.5283
ISIC_2094603,0.4751
ISIC_2098959,0.4762
ISIC_2099525,0.4787
ISIC_2101389,0.4767
ISIC_2103508,0.5187
ISIC_2104341,0.4771
ISIC_2104487,0.4763
ISIC_2106041,0.4777
ISIC_2106823,0.4776
ISIC_2109549,0.4726
ISIC_2110862,0.4790
ISIC_2112683,0.5330
ISIC_2115645,0.4745
ISIC_2115937,0.4776
ISIC_2121292,0.4771
ISIC_2121383,0.4707
ISIC_2122918,0.4745
ISIC_2126575,0.4781
ISIC_2129226,0.4773
ISIC_2132139,0.4775
ISIC_2133980,0.5214
ISIC_2134267,0.4770
ISIC_2136193,0.4809
ISIC_2137735,0.5217
ISIC_2138357,0.5260
ISIC_2139102,0.4777
ISIC_2139752,0.4781
ISIC_2140374,0.4770
ISIC_2142639,0.4806
ISIC_2142673,0.4806
ISIC_2143002,0.4734
ISIC_2145730,0.4789
ISIC_2148640,0.4774
ISIC_2148975,0.4970
ISIC_2153159,0.4758
ISIC_2155673,0.4783
ISIC_2155898,0.5210
ISIC_2157630,0.4946
ISIC_2159525,0.4770
ISIC_2160379,0.5246
ISIC_2160913,0.4797
ISIC_2162118,0.4786
ISIC_2163675,0.4792
ISIC_2164802,0.4757
ISIC_2166661,0.4763
ISIC_2170985,0.4733
ISIC_2172329,0.4754
ISIC_2173158,0.4783
ISIC_2173487,0.4783
ISIC_2174927,0.4760
ISIC_2175855,0.4727
ISIC_2176370,0.4776
ISIC_2178689,0.4786
ISIC_2179001,0.4781
ISIC_2184202,0.4759
ISIC_2184229,0.4725
ISIC_2186488,0.4763
ISIC_2186853,0.4753
ISIC_2188423,0.4807
ISIC_2188566,0.4769
ISIC_2192666,0.4789
ISIC_2192973,0.4769
ISIC_2194762,0.4747
ISIC_2194936,0.4793
ISIC_2198030,0.4742
ISIC_2198244,0.4766
ISIC_2199969,0.5255
ISIC_2203163,0.5243
ISIC_2203242,0.4774
ISIC_2204100,0.5253
ISIC_2206577,0.4762
ISIC_2207683,0.4727
ISIC_2210513,0.4783
ISIC_2210577,0.4766
ISIC_2211136,0.5229
ISIC_2211811,0.4797
ISIC_2215330,0.4873
ISIC_2215371,0.4789
ISIC_2217230,0.4753
ISIC_2217550,0.4772
ISIC_2218318,0.5237
ISIC_2219050,0.5204
ISIC_2220508,0.4781
ISIC_2221217,0.5243
ISIC_2223049,0.4764
ISIC_2224928,0.4808
ISIC_2225927,0.4748
ISIC_2227830,0.4735
ISIC_2228053,0.4780
ISIC_2228262,0.4938
ISIC_2229806,0.4782
ISIC_2231078,0.4719
ISIC_2231300,0.4776
ISIC_2231787,0.4808
ISIC_2232442,0.4747
ISIC_2232461,0.5256
ISIC_2234023,0.4793
ISIC_2236640,0.5192
ISIC_2236668,0.4726
ISIC_2241755,0.4770
ISIC_2245709,0.4769
ISIC_2250133,0.4788
ISIC_2251844,0.4802
ISIC_2253931,0.4787
ISIC_2255411,0.5229
ISIC_2259190,0.4775
ISIC_2259861,0.5178
ISIC_2262805,0.4799
ISIC_2263311,0.4773
ISIC_2265409,0.5366
ISIC_2265410,0.4776
ISIC_2266011,0.4755
ISIC_2266312,0.4788
ISIC_2268341,0.4776
ISIC_2269075,0.5180
ISIC_2269849,0.5221
ISIC_2273343,0.4777
ISIC_2274568,0.4755
ISIC_2274871,0.4760
ISIC_2275821,0.4769
ISIC_2278331,0.4794
ISIC_2279329,0.4813
ISIC_2279765,0.4789
ISIC_2281048,0.4737
ISIC_2281090,0.5203
ISIC_2281160,0.4785
ISIC_2281984,0.4839
ISIC_2282273,0.4765
ISIC_2282330,0.4761
ISIC_2282522,0.4778
ISIC_2284546,0.4799
ISIC_2284633,0.4970
ISIC_2287151,0.4805
ISIC_2291059,0.4793
ISIC_2292028,0.5289
ISIC_2292207,0.4740
ISIC_2293977,0.4779
ISIC_2294745,0.4765
ISIC_2297858,0.4779
ISIC_2297987,0.4776
ISIC_2299184,0.4767
ISIC_2299769,0.4798
ISIC_2301029,0.4735
ISIC_2302713,0.4768
ISIC_2305742,0.5285
ISIC_2305905,0.5194
ISIC_2307760,0.4776
ISIC_2310167,0.4776
ISIC_2310870,0.4783
ISIC_2313001,0.4768
ISIC_2314289,0.5328
ISIC_2317042,0.5205
ISIC_2317156,0.4802
ISIC_2317322,0.4771
ISIC_2319122,0.4793
ISIC_2319387,0.4730
ISIC_2321403,0.5233
ISIC_2323082,0.4786
ISIC_2325383,0.4785
ISIC_2325886,0.4780
ISIC_2327808,0.4720
ISIC_2329149,0.4787
ISIC_2329722,0.4778
ISIC_2331656,0.4766
ISIC_2332575,0.4760
ISIC_2334293,0.4778
ISIC_2338392,0.4787
ISIC_2338485,0.4789
ISIC_2340635,0.4787
ISIC_2342769,0.5272
ISIC_2343195,0.4779
ISIC_2347774,0.4797
ISIC_2349386,0.4785
ISIC_2349843,0.4783
ISIC_2351018,0.4741
ISIC_2351776,0.4779
ISIC_2353289,0.4781
ISIC_2355452,0.5104
ISIC_2355513,0.4750
ISIC_2355860,0.5233
ISIC_2357010,0.4785
ISIC_2357533,0.5260
ISIC_2358170,0.5219
ISIC_2360676,0.4805
ISIC_2361997,0.4773
ISIC_2365225,0.4781
ISIC_2365285,0.4780
ISIC_2365745,0.4772
ISIC_2366287,0.4774
ISIC_2370061,0.4763
ISIC_2371495,0.4774
ISIC_2375233,0.4777
ISIC_2375394,0.4729
ISIC_2376380,0.4744
ISIC_2377039,0.4724
ISIC_2379024,0.4766
ISIC_2379778,0.5184
ISIC_2380895,0.4794
ISIC_2384274,0.4765
ISIC_2385649,0.4796
ISIC_2386668,0.4752
ISIC_2388001,0.4743
ISIC_2389269,0.4796
ISIC_2389900,0.4976
ISIC_2390695,0.4776
ISIC_2391053,0.4785
ISIC_2398801,0.4740
ISIC_2399130,0.4784
ISIC_2399890,0.4798
ISIC_2400515,0.5225
ISIC_2400889,0.4788
ISIC_2401189,0.4744
ISIC_2401326,0.4773
ISIC_2402558,0.5206
ISIC_2404691,0.4765
ISIC_2404756,0.5199
ISIC_2404779,0.4759
ISIC_2407914,0.4754
ISIC_2410736,0.4714
ISIC_2410842,0.5225
ISIC_2412113,0.5235
ISIC_2412888,0.4783
ISIC_2413429,0.4781
ISIC_2413722,0.4774
ISIC_2414250,0.4782
ISIC_2414373,0.4742
ISIC_2415030,0.4837
ISIC_2415856,0.4790
ISIC_2418848,0.4790
ISIC_2419593,0.4753
ISIC_2425013,0.4713
ISIC_2428554,0.5238
ISIC_2432058,0.4756
ISIC_2434965,0.4757
ISIC_2438305,0.5345
ISIC_2438329,0.4762
ISIC_2440802,0.4756
ISIC_2443065,0.4783
ISIC_2443367,0.5274
ISIC_2446492,0.4832
ISIC_2448123,0.4724
ISIC_2448210,0.4803
ISIC_2448750,0.4798
ISIC_2450662,0.4765
ISIC_2450785,0.4787
ISIC_2450957,0.4775
ISIC_2451671,0.5263
ISIC_2455081,0.4753
ISIC_2459113,0.4812
ISIC_2459552,0.5245
ISIC_2459724,0.4776
ISIC_2461027,0.4796
ISIC_2464424,0.5279
ISIC_2465244,0.4775
ISIC_2466466,0.4750
ISIC_2466892,0.5240
ISIC_2467082,0.4786
ISIC_2467153,0.4786
ISIC_2467623,0.4755
ISIC_2470795,0.4765
ISIC_2472177,0.4773
ISIC_2472529,0.4791
ISIC_2472848,0.4771
ISIC_2477888,0.4765
ISIC_2478012,0.4791
ISIC_2478104,0.4772
ISIC_2479269,0.4789
ISIC_2479346,0.5199
ISIC_2480608,0.5277
ISIC_2480757,0.5135
ISIC_2482016,0.4759
ISIC_2482061,0.4718
ISIC_2482687,0.4772
ISIC_2486088,0.4768
ISIC_2486598,0.4770
ISIC_2487678,0.5110
ISIC_2489471,0.5233
ISIC_2489834,0.4769
ISIC_2495722,0.4745
ISIC_2495762,0.5256
ISIC_2496332,0.4787
ISIC_2496983,0.5291
ISIC_2497814,0.4761
ISIC_2499559,0.4774
ISIC_2500254,0.4778
ISIC_2500637,0.5009
ISIC_2502335,0.4781
ISIC_2502377,0.5196
ISIC_2502855,0.4770
ISIC_2503789,0.4764
ISIC_2504659,0.4741
ISIC_2506200,0.4769
ISIC_2507701,0.4787
ISIC_2509796,0.4775
ISIC_2510414,0.4778
ISIC_2511771,0.5223
ISIC_2511975,0.4732
ISIC_2512817,0.4752
ISIC_2514994,0.4723
ISIC_2516069,0.4754
ISIC_2517258,0.4734
ISIC_2518266,0.4802
ISIC_2521424,0.4797
ISIC_2522677,0.4793
ISIC_2523676,0.4801
ISIC_2524005,0.4731
ISIC_2524113,0.4720
ISIC_2524432,0.4800
ISIC_2524580,0.4768
ISIC_2526675,0.4782
ISIC_2528656,0.4788
ISIC_2529848,0.4740
ISIC_2530259,0.4794
ISIC_2535541,0.5244
ISIC_2535558,0.4791
ISIC_2536936,0.5151
ISIC_2537540,0.4786
ISIC_2537598,0.4826
ISIC_2539017,0.4770
ISIC_2539034,0.5106
ISIC_2539423,0.5075
ISIC_2540408,0.4772
ISIC_2540927,0.4789
ISIC_2541562,0.4765
ISIC_2541572,0.4791
ISIC_2544870,0.4726
ISIC_2547007,0.4745
ISIC_2549727,0.4766
ISIC_2553644,0.4786
ISIC_2553934,0.4733
ISIC_2554911,0.4782
ISIC_2558439,0.5223
ISIC_2562668,0.4748
ISIC_2565206,0.5302
ISIC_2566319,0.4751
ISIC_2568066,0.4775
ISIC_2569851,0.4739
ISIC_2570708,0.5216
ISIC_2570767,0.4738
ISIC_2571343,0.4787
ISIC_2572370,0.4733
ISIC_2574197,0.4766
ISIC_2574344,0.4869
ISIC_2574351,0.4770
ISIC_2575480,0.4724
ISIC_2577003,0.4783
ISIC_2577881,0.4789
ISIC_2577938,0.4766
ISIC_2578651,0.4786
ISIC_2580891,0.4778
ISIC_2581307,0.4739
ISIC_2586269,0.5276
ISIC_2586805,0.4767
ISIC_2587671,0.4755
ISIC_2588529,0.4782
ISIC_2589000,0.5246
ISIC_2590278,0.4751
ISIC_2592956,0.5287
ISIC_2598044,0.4788
ISIC_2598575,0.4782
ISIC_2598974,0.5234
ISIC_2601893,0.4769
ISIC_2601943,0.4731
ISIC_2603767,0.5240
ISIC_2610429,0.4782
ISIC_2610971,0.4787
ISIC_2613002,0.4757
ISIC_2618635,0.4841
ISIC_2619698,0.4731
ISIC_2621288,0.4789
ISIC_2622189,0.4766
ISIC_2623538,0.4732
ISIC_2624460,0.4768
ISIC_2625884,0.5075
ISIC_2629965,0.4804
ISIC_2631302,0.4761
ISIC_2631643,0.4884
ISIC_2632612,0.5200
ISIC_2633540,0.5255
ISIC_2633836,0.4729
ISIC_2634356,0.4779
ISIC_2635051,0.4785
ISIC_2636561,0.4781
ISIC_2637608,0.5253
ISIC_2638895,0.4790
ISIC_2644876,0.4807
ISIC_2646829,0.5257
ISIC_2647453,0.4778
ISIC_2647657,0.4767
ISIC_2648261,0.4759
ISIC_2649657,0.4773
ISIC_2649999,0.5293
ISIC_2653824,0.4778
ISIC_2654412,0.4715
ISIC_2657946,0.4763
ISIC_2658858,0.4724
ISIC_2659654,0.4750
ISIC_2662834,0.4772
ISIC_2666632,0.4748
ISIC_2667921,0.4786
ISIC_2668653,0.4772
ISIC_2669526,0.4822
ISIC_2669835,0.5301
ISIC_2670475,0.4850
ISIC_2671727,0.5282
ISIC_2672001,0.4755
ISIC_2672587,0.5265
ISIC_2673871,0.4761
ISIC_2677873,0.4783
ISIC_2679689,0.4733
ISIC_2680640,0.4786
ISIC_2682788,0.4788
ISIC_2682861,0.4808
ISIC_2683125,0.4784
ISIC_2684246,0.4771
ISIC_2685592,0.4775
ISIC_2685628,0.4773
ISIC_2685681,0.4956
ISIC_2687164,0.4737
ISIC_2687641,0.4812
ISIC_2688897,0.4807
ISIC_2691211,0.4784
ISIC_2692366,0.5237
ISIC_2694059,0.4781
ISIC_2694383,0.4716
ISIC_2696668,0.4743
ISIC_2697895,0.4778
ISIC_2697910,0.5265
ISIC_2699791,0.4758
ISIC_2704045,0.4776
ISIC_2706378,0.4742
ISIC_2706427,0.5286
ISIC_2711160,0.4786
ISIC_2714496,0.4806
ISIC_2715441,0.4774
ISIC_2716912,0.4783
ISIC_2716925,0.4775
ISIC_2718103,0.4774
ISIC_2718199,0.4801
ISIC_2719165,0.5089
ISIC_2720231,0.4775
ISIC_2720790,0.4771
ISIC_2724529,0.5119
ISIC_2726570,0.4794
ISIC_2728024,0.4770
ISIC_2729893,0.4758
ISIC_2730170,0.4788
ISIC_2730948,0.4795
ISIC_2731386,0.4780
ISIC_2733013,0.4778
ISIC_2733043,0.4715
ISIC_2734817,0.5276
ISIC_2735672,0.4794
ISIC_2735846,0.5220
ISIC_2737372,0.4721
ISIC_2740815,0.4778
ISIC_2741716,0.5259
ISIC_2741984,0.4724
ISIC_2742870,0.4772
ISIC_2746974,0.4783
ISIC_2747610,0.4793
ISIC_2749097,0.4760
ISIC_2750230,0.5239
ISIC_2751294,0.5321
ISIC_2752102,0.4797
ISIC_2753279,0.4800
ISIC_2753812,0.4783
ISIC_2755395,0.4779
ISIC_2760737,0.4791
ISIC_2760961,0.4774
ISIC_2761440,0.5252
ISIC_2762964,0.4736
ISIC_2763029,0.4784
ISIC_2763919,0.5250
ISIC_2768787,0.4719
ISIC_2768800,0.5223
ISIC_2772217,0.5280
ISIC_2776151,0.4870
ISIC_2776488,0.4740
ISIC_2779521,0.4787
ISIC_2779787,0.4771
ISIC_2780122,0.4847
ISIC_2781254,0.4751
ISIC_2783450,0.4783
ISIC_2783541,0.4774
ISIC_2784664,0.4765
ISIC_2786263,0.4724
ISIC_2786383,0.5131
ISIC_2788933,0.4789
ISIC_2793085,0.5258
ISIC_2793638,0.4781
ISIC_2795036,0.4787
ISIC_2795157,0.4784
ISIC_2795826,0.4782
ISIC_2796461,0.4734
ISIC_2797668,0.4741
ISIC_2797898,0.4791
ISIC_2798100,0.4755
ISIC_2798950,0.5260
ISIC_2799447,0.4811
ISIC_2801042,0.4777
ISIC_2801187,0.5305
ISIC_2801440,0.4790
ISIC_2803733,0.4783
ISIC_2804019,0.4764
ISIC_2805573,0.4786
ISIC_2809103,0.5240
ISIC_2809880,0.4760
ISIC_2811348,0.5205
ISIC_2812230,0.4775
ISIC_2812270,0.4715
ISIC_2817548,0.5215
ISIC_2817772,0.4938
ISIC_2817816,0.4771
ISIC_2817878,0.4773
ISIC_2818474,0.4793
ISIC_2819603,0.4796
ISIC_2820050,0.4750
ISIC_2821172,0.4815
ISIC_2822622,0.4726
ISIC_2823287,0.5312
ISIC_2823929,0.4775
ISIC_2824296,0.4750
ISIC_2826625,0.4777
ISIC_2828236,0.4804
ISIC_2829088,0.4736
ISIC_2830887,0.5214
ISIC_2832548,0.4786
ISIC_2833213,0.4788
ISIC_2839431,0.4792
ISIC_2840947,0.4743
ISIC_2842532,0.4767
ISIC_2842898,0.4750
ISIC_2843245,0.5273
ISIC_2843983,0.4963
ISIC_2844539,0.5245
ISIC_2845104,0.5269
ISIC_2845856,0.4777
ISIC_2850190,0.4780
ISIC_2851852,0.5019
ISIC_2852805,0.4758
ISIC_2855052,0.4745
ISIC_2855191,0.4729
ISIC_2855326,0.4769
ISIC_2855626,0.4753
ISIC_2859012,0.4803
ISIC_2860800,0.4758
ISIC_2861793,0.4801
ISIC_2865011,0.5196
ISIC_2869420,0.4795
ISIC_2872107,0.4746
ISIC_2872349,0.5037
ISIC_2875807,0.4769
ISIC_2876881,0.4788
ISIC_2877029,0.4789
ISIC_2878344,0.4761
ISIC_2879095,0.5156
ISIC_2879512,0.4774
ISIC_2881561,0.5247
ISIC_2882462,0.5203
ISIC_2885265,0.4787
ISIC_2887033,0.4789
ISIC_2887355,0.4774
ISIC_2887690,0.4765
ISIC_2888272,0.4794
ISIC_2892069,0.4783
ISIC_2892593,0.4761
ISIC_2893496,0.4753
ISIC_2893823,0.4802
ISIC_2896341,0.4755
ISIC_2900048,0.4789
ISIC_2900069,0.4796
ISIC_2900357,0.4739
ISIC_2901680,0.5325
ISIC_2902504,0.5262
ISIC_2906486,0.5217
ISIC_2907527,0.4763
ISIC_2907732,0.4725
ISIC_2908353,0.4776
ISIC_2908941,0.4821
ISIC_2910609,0.4767
ISIC_2913019,0.4777
ISIC_2913917,0.5195
ISIC_2914160,0.4796
ISIC_2914304,0.4775
ISIC_2914880,0.4777
ISIC_2915930,0.4718
ISIC_2916510,0.4803
ISIC_2916677,0.5242
ISIC_2917372,0.4749
ISIC_2918128,0.5099
ISIC_2919624,0.4797
ISIC_2921933,0.4802
ISIC_2923483,0.4787
ISIC_2924281,0.5086
ISIC_2926076,0.4772
ISIC_2927289,0.4808
ISIC_2929184,0.4791
ISIC_2933799,0.4797
ISIC_2934051,0.4781
ISIC_2937642,0.5256
ISIC_2937815,0.4791
ISIC_2939330,0.4772
ISIC_2942220,0.4766
ISIC_2943327,0.4751
ISIC_2944480,0.4742
ISIC_2947038,0.4755
ISIC_2948347,0.4783
ISIC_2950391,0.4732
ISIC_2950632,0.4774
ISIC_2954968,0.4785
ISIC_2955610,0.5260
ISIC_2956763,0.4768
ISIC_2957732,0.5097
ISIC_2960377,0.5196
ISIC_2961141,0.4783
ISIC_2961666,0.5238
ISIC_2962719,0.4791
ISIC_2964496,0.4749
ISIC_2967140,0.4758
ISIC_2968272,0.4778
ISIC_2968542,0.5271
ISIC_2969055,0.4785
ISIC_2969250,0.4781
ISIC_2970312,0.4779
ISIC_2970632,0.5264
ISIC_2971389,0.4767
ISIC_2972948,0.4788
ISIC_2974135,0.4765
ISIC_2974155,0.5230
ISIC_2974214,0.4734
ISIC_2974884,0.4792
ISIC_2976115,0.4777
ISIC_2977985,0.4742
ISIC_2978682,0.4833
ISIC_2978983,0.5232
ISIC_2982175,0.4777
ISIC_2982357,0.4791
ISIC_2982630,0.4777
ISIC_2983041,0.4761
ISIC_2985247,0.4799
ISIC_2986014,0.4785
ISIC_2986565,0.4795
ISIC_2988939,0.4715
ISIC_2990228,0.5141
ISIC_2990722,0.4776
ISIC_2991986,0.4712
ISIC_2994772,0.4770
ISIC_2996391,0.4726
ISIC_3001941,0.5204
ISIC_3002635,0.4781
ISIC_3003544,0.4728
ISIC_3003627,0.4783
ISIC_3004041,0.4809
ISIC_3006507,0.4780
ISIC_3008399,0.4796
ISIC_3010059,0.4751
ISIC_3010219,0.4773
ISIC_3015774,0.4755
ISIC_3016754,0.5253
ISIC_3017808,0.5319
ISIC_3018475,0.4811
ISIC_3019041,0.4738
ISIC_3019509,0.5244
ISIC_3024903,0.4772
ISIC_3025329,0.4768
ISIC_3026934,0.4782
ISIC_3029421,0.4761
ISIC_3035379,0.4776
ISIC_3037138,0.4799
ISIC_3038869,0.4724
ISIC_3039519,0.4802
ISIC_3042558,0.4790
ISIC_3043219,0.5230
ISIC_3043346,0.4800
ISIC_3045178,0.4801
ISIC_3046033,0.4774
ISIC_3046758,0.4770
ISIC_3050728,0.4810
ISIC_3060021,0.4782
ISIC_3061135,0.4876
ISIC_3062773,0.4779
ISIC_3062937,0.4769
ISIC_3063923,0.5215
ISIC_3065254,0.4794
ISIC_3067522,0.4746
ISIC_3067885,0.5207
ISIC_3072259,0.4793
ISIC_3072343,0.4787
ISIC_3073605,0.5000
ISIC_3077760,0.5215
ISIC_3079305,0.5224
ISIC_3080307,0.4801
ISIC_3081858,0.5299
ISIC_3082027,0.4801
ISIC_3082398,0.4778
ISIC_3084780,0.4774
ISIC_3084791,0.4767
ISIC_3086579,0.4803
ISIC_3087402,0.4775
ISIC_3089119,0.4781
ISIC_3091457,0.4719
ISIC_3091757,0.4777
ISIC_3092551,0.4787
ISIC_3093025,0.5194
ISIC_3093026,0.4768
ISIC_3093810,0.4774
ISIC_3099438,0.4876
ISIC_3100819,0.4722
ISIC_3100885,0.4794
ISIC_3101458,0.4708
ISIC_3102110,0.4790
ISIC_3105136,0.5264
ISIC_3110548,0.4829
ISIC_3110909,0.4793
ISIC_3111591,0.5319
ISIC_3111752,0.4757
ISIC_3113701,0.5287
ISIC_3114110,0.4750
ISIC_3114708,0.4814
ISIC_3115327,0.5226
ISIC_3116507,0.4755
ISIC_3117977,0.4768
ISIC_3118787,0.4773
ISIC_3120592,0.4779
ISIC_3121451,0.4733
ISIC_3125078,0.5065
ISIC_3128414,0.4769
ISIC_3129363,0.5278
ISIC_3132543,0.4788
ISIC_3132725,0.4781
ISIC_3134444,0.4757
ISIC_3134824,0.5225
ISIC_3136309,0.5234
ISIC_3136397,0.4804
ISIC_3137003,0.4788
ISIC_3139224,0.4771
ISIC_3139994,0.4764
ISIC_3140246,0.4774
ISIC_3142775,0.5168
ISIC_3143468,0.4762
ISIC_3143650,0.5218
ISIC_3145458,0.4741
ISIC_3146077,0.5298
ISIC_3146092,0.4796
ISIC_3146152,0.4796
ISIC_3147415,0.4805
ISIC_3147613,0.4803
ISIC_3148048,0.5253
ISIC_3154509,0.4751
ISIC_3155003,0.4784
ISIC_3155020,0.4782
ISIC_3156139,0.4771
ISIC_3157826,0.4817
ISIC_3157921,0.4773
ISIC_3158305,0.4785
ISIC_3160147,0.5278
ISIC_3163477,0.5041
ISIC_3165596,0.4765
ISIC_3165797,0.4785
ISIC_3167092,0.5252
ISIC_3169743,0.4776
ISIC_3170416,0.5238
ISIC_3171104,0.4749
ISIC_3173007,0.4793
ISIC_3173734,0.4790
ISIC_3181394,0.4762
ISIC_3184112,0.4741
ISIC_3188758,0.4769
ISIC_3190208,0.5306
ISIC_3192565,0.4764
ISIC_3193768,0.4774
ISIC_3198078,0.4784
ISIC_3198111,0.4775
ISIC_3202094,0.5231
ISIC_3202358,0.4781
ISIC_3204983,0.4714
ISIC_3205052,0.5221
ISIC_3205752,0.4785
ISIC_3209363,0.4782
ISIC_3209856,0.4739
ISIC_3211246,0.5282
ISIC_3211913,0.4796
ISIC_3211915,0.4785
ISIC_3212050,0.4723
ISIC_3212311,0.4800
ISIC_3212781,0.4767
ISIC_3215136,0.4773
ISIC_3216049,0.4849
ISIC_3218227,0.4784
ISIC_3218403,0.4774
ISIC_3220970,0.4787
ISIC_3221265,0.4788
ISIC_3222454,0.4767
ISIC_3226667,0.5235
ISIC_3227705,0.4802
ISIC_3228446,0.4771
ISIC_3229755,0.4818
ISIC_3230018,0.4721
ISIC_3230630,0.4792
ISIC_3232712,0.4783
ISIC_3234899,0.4794
ISIC_3236506,0.5247
ISIC_3237033,0.4803
ISIC_3237688,0.4794
ISIC_3238159,0.5222
ISIC_3241555,0.5216
ISIC_3241636,0.5211
ISIC_3244329,0.4737
ISIC_3244652,0.4785
ISIC_3246675,0.4733
ISIC_3246696,0.4774
ISIC_3250584,0.4879
ISIC_3251275,0.5283
ISIC_3251405,0.5256
ISIC_3251719,0.4831
ISIC_3254309,0.4767
ISIC_3254386,0.5232
ISIC_3254499,0.5250
ISIC_3256087,0.4779
ISIC_3256370,0.4739
ISIC_3257327,0.5234
ISIC_3259144,0.4765
ISIC_3260211,0.4758
ISIC_3260888,0.4789
ISIC_3262153,0.5241
ISIC_3262171,0.5267
ISIC_3264096,0.4791
ISIC_3264367,0.4729
ISIC_3265701,0.4782
ISIC_3265884,0.4750
ISIC_3265976,0.4781
ISIC_3266797,0.5162
ISIC_3269939,0.4774
ISIC_3272155,0.4746
ISIC_3272920,0.5233
ISIC_3273115,0.5257
ISIC_3273370,0.4783
ISIC_3274014,0.4795
ISIC_3274493,0.4783
ISIC_3275914,0.4760
ISIC_3279911,0.4796
ISIC_3280940,0.5215
ISIC_3281252,0.4789
ISIC_3283115,0.4792
ISIC_3283934,0.4766
ISIC_3283986,0.4772
ISIC_3288007,0.4789
ISIC_3290466,0.5254
ISIC_3294475,0.4764
ISIC_3295750,0.4782
ISIC_3296981,0.4804
ISIC_3297631,0.4784
ISIC_3299708,0.4799
ISIC_3300386,0.4764
ISIC_3302044,0.5294
ISIC_3302231,0.4797
ISIC_3304293,0.4796
ISIC_3305468,0.4722
ISIC_3309001,0.5228
ISIC_3309051,0.4762
ISIC_3309918,0.4780
ISIC_3310895,0.4773
ISIC_3311265,0.5156
ISIC_3312574,0.4757
ISIC_3315259,0.4759
ISIC_3315573,0.4750
ISIC_3315810,0.4785
ISIC_3318928,0.4778
ISIC_3319163,0.5164
ISIC_3319573,0.4775
ISIC_3323904,0.4754
ISIC_3326704,0.4896
ISIC_3329099,0.4765
ISIC_3330852,0.5250
ISIC_3331533,0.4744
ISIC_3331982,0.5259
ISIC_3332531,0.4790
ISIC_3335794,0.4775
ISIC_3335955,0.5281
ISIC_3336297,0.4821
ISIC_3337563,0.5269
ISIC_3337833,0.4781
ISIC_3338730,0.5248
ISIC_3343475,0.5248
ISIC_3343476,0.5194
ISIC_3343918,0.4769
ISIC_3345944,0.5091
ISIC_3349751,0.4777
ISIC_3350388,0.4774
ISIC_3351441,0.4791
ISIC_3354440,0.4795
ISIC_3355691,0.4793
ISIC_3356497,0.4726
ISIC_3358896,0.4789
ISIC_3359247,0.4745
ISIC_3360180,0.4793
ISIC_3361126,0.4737
ISIC_3364832,0.4777
ISIC_3365320,0.4750
ISIC_3366397,0.4851
ISIC_3368468,0.4782
ISIC_3371318,0.4761
ISIC_3371792,0.5262
ISIC_3372750,0.4711
ISIC_3374172,0.4792
ISIC_3374533,0.4778
ISIC_3375455,0.4750
ISIC_3376737,0.4800
ISIC_3377321,0.4776
ISIC_3380009,0.5252
ISIC_3381158,0.4818
ISIC_3381550,0.4782
ISIC_3383330,0.5195
ISIC_3383806,0.4760
ISIC_3384998,0.4794
ISIC_3385071,0.4791
ISIC_3385846,0.4753
ISIC_3386395,0.5243
ISIC_3389722,0.4755
ISIC_3392433,0.4782
ISIC_3392451,0.4766
ISIC_3393160,0.5199
ISIC_3393767,0.4800
ISIC_3394080,0.4772
ISIC_3395488,0.4778
ISIC_3395644,0.4733
ISIC_3395787,0.4780
ISIC_3396790,0.5263
ISIC_3397468,0.5033
ISIC_3397501,0.4787
ISIC_3397963,0.5253
ISIC_3399306,0.5247
ISIC_3400972,0.4749
ISIC_3407968,0.4748
ISIC_3408231,0.5280
ISIC_3409440,0.5333
ISIC_3410352,0.4784
ISIC_3410530,0.4744
ISIC_3412216,0.4767
ISIC_3412502,0.4772
ISIC_3413036,0.4803
ISIC_3413138,0.4726
ISIC_3415401,0.5233
ISIC_3416130,0.4791
ISIC_3416324,0.4753
ISIC_3417029,0.4817
ISIC_3417128,0.4729
ISIC_3417180,0.4790
ISIC_3417390,0.5274
ISIC_3418978,0.5055
ISIC_3419264,0.4787
ISIC_3420574,0.4750
ISIC_3424634,0.4774
ISIC_3425388,0.4802
ISIC_3427736,0.4792
ISIC_3429011,0.5235
ISIC_3429278,0.4779
ISIC_3429552,0.5230
ISIC_3429860,0.4774
ISIC_3432650,0.4763
ISIC_3433060,0.4763
ISIC_3435596,0.5270
ISIC_3437119,0.4735
ISIC_3440004,0.4796
ISIC_3440759,0.5236
ISIC_3442691,0.4722
ISIC_3445468,0.5246
ISIC_3446591,0.4792
ISIC_3447765,0.5213
ISIC_3448546,0.4756
ISIC_3449292,0.4702
ISIC_3450978,0.5263
ISIC_3451688,0.5232
ISIC_3455499,0.4780
ISIC_3458173,0.4773
ISIC_3460537,0.5259
ISIC_3460864,0.4786
ISIC_3463638,0.5188
ISIC_3465440,0.4770
ISIC_3467447,0.4770
ISIC_3469442,0.4796
ISIC_3469923,0.4749
ISIC_3472455,0.4784
ISIC_3472937,0.4751
ISIC_3475660,0.5231
ISIC_3481768,0.5253
ISIC_3482153,0.4782
ISIC_3484701,0.4757
ISIC_3484946,0.4766
ISIC_3486458,0.4821
ISIC_3486604,0.4787
ISIC_3489630,0.4725
ISIC_3490323,0.4765
ISIC_3490992,0.4782
ISIC_3492490,0.5194
ISIC_3493050,0.4780
ISIC_3494219,0.4805
ISIC_3495113,0.4773
ISIC_3495555,0.5247
ISIC_3500261,0.4801
ISIC_3501271,0.4771
ISIC_3502154,0.4788
ISIC_3505339,0.4758
ISIC_3506674,0.4782
ISIC_3507446,0.4778
ISIC_3510004,0.4802
ISIC_3510802,0.4755
ISIC_3513367,0.4779
ISIC_3514162,0.5217
ISIC_3518444,0.4759
ISIC_3519823,0.4789
ISIC_3520709,0.4795
ISIC_3524193,0.4764
ISIC_3524429,0.4777
ISIC_3526017,0.4754
ISIC_3526122,0.5288
ISIC_3529778,0.4778
ISIC_3535007,0.4798
ISIC_3536848,0.5203
ISIC_3537199,0.4769
ISIC_3537203,0.4764
ISIC_3537768,0.4776
ISIC_3538402,0.4740
ISIC_3543305,0.4770
ISIC_3548408,0.5275
ISIC_3549984,0.4703
ISIC_3556980,0.4759
ISIC_3559835,0.5241
ISIC_3560466,0.5207
ISIC_3561539,0.5236
ISIC_3562294,0.5338
ISIC_3562968,0.5268
ISIC_3563234,0.4779
ISIC_3564263,0.4764
ISIC_3570209,0.4719
ISIC_3574196,0.4774
ISIC_3575777,0.5239
ISIC_3576066,0.5182
ISIC_3577410,0.5259
ISIC_3578186,0.4713
ISIC_3578203,0.4822
ISIC_3579044,0.4738
ISIC_3579316,0.4770
ISIC_3580597,0.4795
ISIC_3580824,0.4760
ISIC_3581227,0.4759
ISIC_3584384,0.4765
ISIC_3585381,0.4736
ISIC_3590548,0.4778
ISIC_3592022,0.5293
ISIC_3593913,0.5250
ISIC_3593988,0.4790
ISIC_3596336,0.4760
ISIC_3597159,0.4768
ISIC_3599489,0.4783
ISIC_3601052,0.4769
ISIC_3601493,0.4766
ISIC_3601744,0.4786
ISIC_3602706,0.5280
ISIC_3603228,0.4777
ISIC_3604304,0.4774
ISIC_3609081,0.4762
ISIC_3609265,0.5089
ISIC_3609379,0.5129
ISIC_3611014,0.4796
ISIC_3619052,0.4820
ISIC_3622464,0.4785
ISIC_3622949,0.4734
ISIC_3624069,0.4775
ISIC_3627765,0.5034
ISIC_3628258,0.4782
ISIC_3633227,0.4783
ISIC_3633436,0.4773
ISIC_3633493,0.4725
ISIC_3633707,0.4790
ISIC_3635014,0.4769
ISIC_3635280,0.4782
ISIC_3635602,0.4786
ISIC_3635644,0.5234
ISIC_3635991,0.4785
ISIC_3639123,0.4744
ISIC_3639491,0.4772
ISIC_3640401,0.4784
ISIC_3640675,0.4788
ISIC_3643756,0.4795
ISIC_3644314,0.5217
ISIC_3646670,0.4773
ISIC_3648167,0.4718
ISIC_3649766,0.4731
ISIC_3650533,0.4760
ISIC_3652026,0.4780
ISIC_3653733,0.4779
ISIC_3654373,0.4717
ISIC_3656013,0.5301
ISIC_3656794,0.4788
ISIC_3657386,0.4770
ISIC_3657408,0.5221
ISIC_3659528,0.5252
ISIC_3659906,0.4781
ISIC_3665859,0.4746
ISIC_3667487,0.4783
ISIC_3670261,0.5275
ISIC_3670322,0.4765
ISIC_3673517,0.5208
ISIC_3676643,0.4774
ISIC_3677577,0.4770
ISIC_3677905,0.4762
ISIC_3678586,0.4921
ISIC_3678595,0.4765
ISIC_3679789,0.4766
ISIC_3680503,0.5149
ISIC_3682700,0.4763
ISIC_3682943,0.4750
ISIC_3683402,0.4790
ISIC_3685955,0.4788
ISIC_3686179,0.4811
ISIC_3686620,0.4757
ISIC_3687259,0.4804
ISIC_3687263,0.4792
ISIC_3689759,0.4786
ISIC_3691126,0.5241
ISIC_3691320,0.4751
ISIC_3691714,0.4747
ISIC_3692952,0.4885
ISIC_3693934,0.4791
ISIC_3694619,0.4723
ISIC_3697702,0.5217
ISIC_3699454,0.4745
ISIC_3699927,0.5246
ISIC_3700351,0.4772
ISIC_3701563,0.4814
ISIC_3701892,0.4775
ISIC_3702724,0.5165
ISIC_3703438,0.5220
ISIC_3703990,0.4772
ISIC_3704492,0.4774
ISIC_3704722,0.4782
ISIC_3706506,0.4770
ISIC_3706743,0.4800
ISIC_3708522,0.4777
ISIC_3708739,0.4777
ISIC_3710376,0.4800
ISIC_3710757,0.4802
ISIC_3715736,0.4748
ISIC_3716147,0.5064
ISIC_3716504,0.4723
ISIC_3716686,0.5265
ISIC_3718027,0.4753
ISIC_3720096,0.4731
ISIC_3721142,0.5183
ISIC_3725269,0.5207
ISIC_3726680,0.4818
ISIC_3727059,0.4760
ISIC_3729498,0.5255
ISIC_3733131,0.4793
ISIC_3737866,0.4765
ISIC_3738581,0.4774
ISIC_3738751,0.5205
ISIC_3743283,0.4771
ISIC_3743446,0.4816
ISIC_3744610,0.4772
ISIC_3744940,0.4809
ISIC_3747477,0.4774
ISIC_3747979,0.5164
ISIC_3750094,0.5272
ISIC_3751172,0.4771
ISIC_3752588,0.4771
ISIC_3754362,0.5261
ISIC_3760096,0.4781
ISIC_3760796,0.5250
ISIC_3763799,0.5287
ISIC_3764112,0.4792
ISIC_3765394,0.4774
ISIC_3768097,0.4780
ISIC_3768701,0.4762
ISIC_3768748,0.4795
ISIC_3769071,0.4792
ISIC_3770926,0.4716
ISIC_3772774,0.4723
ISIC_3773860,0.4792
ISIC_3775417,0.4711
ISIC_3776131,0.4739
ISIC_3779051,0.4766
ISIC_3779093,0.4778
ISIC_3780427,0.5197
ISIC_3781062,0.4787
ISIC_3782372,0.4761
ISIC_3782874,0.5211
ISIC_3784812,0.4957
ISIC_3786438,0.4766
ISIC_3787339,0.4737
ISIC_3787558,0.4771
ISIC_3789239,0.4790
ISIC_3789653,0.4763
ISIC_3790425,0.4768
ISIC_3791435,0.4809
ISIC_3795397,0.5231
ISIC_3799559,0.4775
ISIC_3802134,0.5265
ISIC_3802812,0.5237
ISIC_3804607,0.4726
ISIC_3805310,0.4778
ISIC_3806211,0.5227
ISIC_3808007,0.4778
ISIC_3809013,0.4783
ISIC_3809762,0.5238
ISIC_3810324,0.4768
ISIC_3812244,0.4774
ISIC_3820232,0.4766
ISIC_3822815,0.5340
ISIC_3823972,0.5280
ISIC_3826001,0.4768
ISIC_3830701,0.4787
ISIC_3832239,0.4946
ISIC_3832462,0.5245
ISIC_3832876,0.4772
ISIC_3833253,0.4782
ISIC_3833622,0.5203
ISIC_3834379,0.5028
ISIC_3835276,0.4791
ISIC_3836174,0.4840
ISIC_3838310,0.4768
ISIC_3841073,0.4739
ISIC_3844151,0.4771
ISIC_3844839,0.4778
ISIC_3845958,0.4785
ISIC_3848491,0.4773
ISIC_3850432,0.4739
ISIC_3851607,0.4773
ISIC_3859068,0.5239
ISIC_3860032,0.4791
ISIC_3862621,0.4788
ISIC_3863508,0.5162
ISIC_3866081,0.4775
ISIC_3869717,0.4780
ISIC_3869931,0.5201
ISIC_3870647,0.4788
ISIC_3870671,0.4845
ISIC_3871414,0.5222
ISIC_3871468,0.5217
ISIC_3872019,0.4782
ISIC_3875612,0.4793
ISIC_3877427,0.4780
ISIC_3880316,0.4770
ISIC_3880324,0.5253
ISIC_3881897,0.4791
ISIC_3882374,0.4779
ISIC_3884719,0.4767
ISIC_3885041,0.5229
ISIC_3887638,0.4765
ISIC_3888650,0.4790
ISIC_3888713,0.4791
ISIC_3889671,0.5208
ISIC_3890800,0.4750
ISIC_3893600,0.5194
ISIC_3895185,0.5223
ISIC_3896737,0.4748
ISIC_3898513,0.4778
ISIC_3900239,0.5221
ISIC_3902496,0.4773
ISIC_3902956,0.4788
ISIC_3904828,0.4769
ISIC_3905313,0.4793
ISIC_3906303,0.4739
ISIC_3909039,0.4753
ISIC_3909498,0.4761
ISIC_3910238,0.5067
ISIC_3910723,0.4792
ISIC_3911901,0.4757
ISIC_3912988,0.4804
ISIC_3914743,0.4826
ISIC_3917306,0.4756
ISIC_3918134,0.4813
ISIC_3919589,0.4757
ISIC_3919752,0.4791
ISIC_3920809,0.4765
ISIC_3925125,0.4812
ISIC_3926397,0.4767
ISIC_3928747,0.4763
ISIC_3929045,0.5203
ISIC_3930633,0.4786
ISIC_3932172,0.4809
ISIC_3936214,0.4756
ISIC_3936223,0.5210
ISIC_3936413,0.4783
ISIC_3937539,0.5258
ISIC_3939790,0.4785
ISIC_3939977,0.4778
ISIC_3941123,0.5245
ISIC_3941147,0.4773
ISIC_3941554,0.4944
ISIC_3942947,0.4737
ISIC_3943822,0.5011
ISIC_3945116,0.4788
ISIC_3945984,0.5235
ISIC_3948221,0.4771
ISIC_3948754,0.4753
ISIC_3952030,0.5233
ISIC_3952709,0.4753
ISIC_3953857,0.4773
ISIC_3955302,0.4765
ISIC_3955539,0.4860
ISIC_3956051,0.4769
ISIC_3956335,0.4785
ISIC_3959262,0.4750
ISIC_3961380,0.4735
ISIC_3963183,0.5264
ISIC_3967213,0.4772
ISIC_3971712,0.4762
ISIC_3971830,0.4772
ISIC_3972249,0.5257
ISIC_3975133,0.4730
ISIC_3975294,0.4749
ISIC_3978280,0.5191
ISIC_3978646,0.4791
ISIC_3978732,0.4774
ISIC_3979323,0.4774
ISIC_3980606,0.4781
ISIC_3981101,0.4769
ISIC_3981425,0.4749
ISIC_3981826,0.4731
ISIC_3982913,0.4733
ISIC_3985494,0.4774
ISIC_3985782,0.4770
ISIC_3985979,0.5235
ISIC_3986532,0.4775
ISIC_3986853,0.4795
ISIC_3990092,0.4767
ISIC_3990124,0.4755
ISIC_3990263,0.4770
ISIC_3992201,0.5250
ISIC_3993801,0.5187
ISIC_3994656,0.4739
ISIC_3996106,0.4737
ISIC_3997171,0.4760
ISIC_3997331,0.4764
ISIC_3999961,0.4797
ISIC_4000481,0.5278
ISIC_4000690,0.4788
ISIC_4001269,0.4792
ISIC_4001827,0.4759
ISIC_4004088,0.4760
ISIC_4004283,0.4768
ISIC_4004775,0.5270
ISIC_4005585,0.5222
ISIC_4006569,0.4800
ISIC_4006630,0.4767
ISIC_4008601,0.4781
ISIC_4009855,0.5192
ISIC_4011169,0.4769
ISIC_4014899,0.4783
ISIC_4015361,0.4781
ISIC_4015508,0.4778
ISIC_4016721,0.4765
ISIC_4021456,0.5233
ISIC_4023381,0.4787
ISIC_4024692,0.5230
ISIC_4024877,0.4771
ISIC_4025576,0.4782
ISIC_4026808,0.4764
ISIC_4028402,0.4714
ISIC_4030363,0.4767
ISIC_4034644,0.4790
ISIC_4034806,0.4760
ISIC_4041324,0.4782
ISIC_4042007,0.4790
ISIC_4042405,0.4799
ISIC_4049598,0.4769
ISIC_4052597,0.4755
ISIC_4052659,0.4777
ISIC_4053220,0.4761
ISIC_4055745,0.4787
ISIC_4056442,0.4774
ISIC_4057921,0.4757
ISIC_4058149,0.5231
ISIC_4059146,0.4781
ISIC_4061315,0.4789
ISIC_4063325,0.4774
ISIC_4063390,0.4771
ISIC_4063720,0.5166
ISIC_4064041,0.4780
ISIC_4065034,0.4758
ISIC_4066094,0.4753
ISIC_4068301,0.4800
ISIC_4068690,0.4790
ISIC_4069690,0.4775
ISIC_4069836,0.5257
ISIC_4071342,0.4771
ISIC_4072073,0.4765
ISIC_4072610,0.4765
ISIC_4072730,0.5004
ISIC_4076162,0.4781
ISIC_4077341,0.4770
ISIC_4081632,0.4741
ISIC_4082515,0.4761
ISIC_4085552,0.5256
ISIC_4086312,0.4779
ISIC_4086323,0.4764
ISIC_4087851,0.4784
ISIC_4088444,0.4730
ISIC_4089379,0.4750
ISIC_4092249,0.4758
ISIC_4094763,0.4789
ISIC_4094907,0.5226
ISIC_4095559,0.4729
ISIC_4099287,0.5287
ISIC_4101596,0.4779
ISIC_4102774,0.4763
ISIC_4102979,0.4767
ISIC_4104378,0.5269
ISIC_4107250,0.4781
ISIC_4108397,0.4767
ISIC_4108571,0.4777
ISIC_4109088,0.5221
ISIC_4109725,0.5203
ISIC_4111600,0.4739
ISIC_4112409,0.4767
ISIC_4112692,0.4793
ISIC_4112980,0.4745
ISIC_4116770,0.4770
ISIC_4119189,0.4785
ISIC_4122125,0.4789
ISIC_4124060,0.4783
ISIC_4125718,0.4716
ISIC_4127965,0.4761
ISIC_4129376,0.4757
ISIC_4129443,0.5266
ISIC_4129894,0.4780
ISIC_4130478,0.4768
ISIC_4130540,0.4802
ISIC_4131236,0.4776
ISIC_4132022,0.4761
ISIC_4132656,0.4793
ISIC_4132876,0.4779
ISIC_4133875,0.4778
ISIC_4136391,0.4812
ISIC_4137798,0.4725
ISIC_4137821,0.4788
ISIC_4140471,0.4711
ISIC_4140935,0.4792
ISIC_4142019,0.4788
ISIC_4143443,0.4776
ISIC_4144198,0.4758
ISIC_4147166,0.5222
ISIC_4153542,0.4779
ISIC_4153687,0.4778
ISIC_4154497,0.4759
ISIC_4155780,0.4789
ISIC_4156010,0.4773
ISIC_4157237,0.4745
ISIC_4158432,0.5239
ISIC_4158555,0.4759
ISIC_4159420,0.5217
ISIC_4160773,0.4715
ISIC_4161113,0.4782
ISIC_4163881,0.5067
ISIC_4165761,0.5254
ISIC_4167053,0.5261
ISIC_4169481,0.4772
ISIC_4173783,0.4743
ISIC_4174614,0.4723
ISIC_4176335,0.4768
ISIC_4177043,0.4767
ISIC_4180373,0.4759
ISIC_4180979,0.4757
ISIC_4181565,0.5217
ISIC_4182102,0.4777
ISIC_4185414,0.4758
ISIC_4187393,0.4728
ISIC_4188644,0.4750
ISIC_4188998,0.4733
ISIC_4189494,0.4733
ISIC_4190910,0.5151
ISIC_4191011,0.4770
ISIC_4191094,0.4852
ISIC_4191202,0.4769
ISIC_4191363,0.4777
ISIC_4192125,0.4741
ISIC_4195490,0.5282
ISIC_4198902,0.4772
ISIC_4199686,0.4771
ISIC_4201891,0.4798
ISIC_4201955,0.4755
ISIC_4201989,0.5212
ISIC_4203961,0.4771
ISIC_4205815,0.4743
ISIC_4209411,0.4786
ISIC_4212259,0.4768
ISIC_4212689,0.4769
ISIC_4216468,0.4753
ISIC_4217963,0.4769
ISIC_4223575,0.5217
ISIC_4225838,0.5191
ISIC_4226673,0.4778
ISIC_4227455,0.5254
ISIC_4228799,0.4733
ISIC_4228971,0.4777
ISIC_4229473,0.5279
ISIC_4230432,0.4775
ISIC_4231051,0.4776
ISIC_4232053,0.4768
ISIC_4232370,0.4775
ISIC_4232756,0.4766
ISIC_4233248,0.4758
ISIC_4234271,0.4780
ISIC_4237064,0.4787
ISIC_4238222,0.4730
ISIC_4241286,0.5314
ISIC_4242504,0.5303
ISIC_4247917,0.4735
ISIC_4248007,0.4791
ISIC_4248447,0.4770
ISIC_4251081,0.4782
ISIC_4252285,0.4778
ISIC_4253563,0.4776
ISIC_4255737,0.4764
ISIC_4257537,0.5237
ISIC_4257634,0.4780
ISIC_4257938,0.4780
ISIC_4260257,0.4720
ISIC_4263017,0.5206
ISIC_4264422,0.4773
ISIC_4264802,0.4749
ISIC_4265307,0.5227
ISIC_4266455,0.4773
ISIC_4266570,0.5233
ISIC_4269911,0.4784
ISIC_4270126,0.4844
ISIC_4271110,0.4799
ISIC_4271700,0.4801
ISIC_4273692,0.4794
ISIC_4276014,0.4755
ISIC_4276528,0.4758
ISIC_4277163,0.4791
ISIC_4278349,0.4733
ISIC_4280104,0.4765
ISIC_4286837,0.4809
ISIC_4288709,0.4778
ISIC_4289345,0.4768
ISIC_4291830,0.4779
ISIC_4293124,0.4776
ISIC_4295415,0.4806
ISIC_4296030,0.5271
ISIC_4300983,0.4728
ISIC_4301302,0.4793
ISIC_4304068,0.4775
ISIC_4305845,0.4747
ISIC_4309183,0.4790
ISIC_4312047,0.4764
ISIC_4312155,0.4784
ISIC_4312470,0.4763
ISIC_4314003,0.4766
ISIC_4314417,0.4791
ISIC_4315107,0.4779
ISIC_4315525,0.4783
ISIC_4315613,0.4800
ISIC_4323070,0.4761
ISIC_4323391,0.4784
ISIC_4327406,0.4764
ISIC_4328580,0.4718
ISIC_4329876,0.4766
ISIC_4330291,0.5216
ISIC_4330796,0.4777
ISIC_4331174,0.4778
ISIC_4332529,0.4725
ISIC_4335023,0.4776
ISIC_4335732,0.4778
ISIC_4336970,0.4793
ISIC_4340509,0.4711
ISIC_4341685,0.4778
ISIC_4341875,0.4785
ISIC_4345015,0.5311
ISIC_4345114,0.5205
ISIC_4346693,0.4748
ISIC_4347161,0.4739
ISIC_4347596,0.4745
ISIC_4347744,0.4770
ISIC_4348896,0.4742
ISIC_4349612,0.4793
ISIC_4350093,0.4791
ISIC_4351248,0.4735
ISIC_4352457,0.4778
ISIC_4352700,0.5218
ISIC_4353963,0.5259
ISIC_4354857,0.5310
ISIC_4358727,0.4759
ISIC_4359707,0.4786
ISIC_4363897,0.4778
ISIC_4364169,0.4798
ISIC_4366032,0.4795
ISIC_4366055,0.4787
ISIC_4366627,0.5302
ISIC_4367917,0.4757
ISIC_4369851,0.4775
ISIC_4370988,0.4762
ISIC_4371865,0.4780
ISIC_4371913,0.4784
ISIC_4372519,0.4776
ISIC_4373429,0.5185
ISIC_4373835,0.4778
ISIC_4375870,0.4742
ISIC_4376010,0.4771
ISIC_4377059,0.4729
ISIC_4377193,0.4739
ISIC_4380623,0.4799
ISIC_4382390,0.4782
ISIC_4384016,0.4778
ISIC_4387517,0.4795
ISIC_4388949,0.4757
ISIC_4391909,0.4792
ISIC_4393733,0.5278
ISIC_4395329,0.4731
ISIC_4400664,0.4737
ISIC_4404036,0.4762
ISIC_4404772,0.5238
ISIC_4404893,0.4795
ISIC_4409067,0.4764
ISIC_4409939,0.4773
ISIC_4411889,0.5220
ISIC_4411925,0.4757
ISIC_4412821,0.4783
ISIC_4415049,0.4768
ISIC_4417054,0.4789
ISIC_4418458,0.4799
ISIC_4419431,0.4781
ISIC_4419522,0.4795
ISIC_4419720,0.5251
ISIC_4421064,0.5199
ISIC_4424322,0.4774
ISIC_4424729,0.4753
ISIC_4425657,0.5280
ISIC_4427949,0.4774
ISIC_4428769,0.5191
ISIC_4429297,0.4758
ISIC_4430934,0.4757
ISIC_4432735,0.4780
ISIC_4433244,0.5033
ISIC_4433582,0.4957
ISIC_4433832,0.5193
ISIC_4435262,0.5283
ISIC_4435838,0.4778
ISIC_4436342,0.4769
ISIC_4437425,0.4787
ISIC_4438311,0.4787
ISIC_4442506,0.4849
ISIC_4443373,0.4715
ISIC_4446879,0.4786
ISIC_4448257,0.4785
ISIC_4448994,0.4792
ISIC_4452748,0.4810
ISIC_4453489,0.4735
ISIC_4455601,0.4773
ISIC_4455932,0.4805
ISIC_4457207,0.4787
ISIC_4457514,0.5281
ISIC_4458567,0.4744
ISIC_4460849,0.4776
ISIC_4462621,0.4755
ISIC_4463482,0.4792
ISIC_4463660,0.5072
ISIC_4465529,0.5269
ISIC_4470766,0.5261
ISIC_4472903,0.4785
ISIC_4474341,0.4777
ISIC_4474899,0.4784
ISIC_4475489,0.4757
ISIC_4477003,0.5214
ISIC_4478276,0.5241
ISIC_4482522,0.4748
ISIC_4484431,0.4739
ISIC_4486332,0.5264
ISIC_4486352,0.4796
ISIC_4487743,0.5200
ISIC_4488579,0.5157
ISIC_4490219,0.4773
ISIC_4490903,0.4739
ISIC_4491376,0.5104
ISIC_4493245,0.4776
ISIC_4494022,0.4736
ISIC_4495397,0.4782
ISIC_4496457,0.4796
ISIC_4496665,0.4777
ISIC_4497373,0.4793
ISIC_4498012,0.4786
ISIC_4498803,0.4731
ISIC_4499380,0.4755
ISIC_4499925,0.5169
ISIC_4500574,0.4955
ISIC_4505089,0.5231
ISIC_4505178,0.5178
ISIC_4505293,0.4774
ISIC_4506190,0.4777
ISIC_4506930,0.5121
ISIC_4511841,0.4777
ISIC_4512203,0.4751
ISIC_4512260,0.4737
ISIC_4513843,0.4777
ISIC_4515826,0.4742
ISIC_4516137,0.4784
ISIC_4517117,0.4764
ISIC_4517497,0.5261
ISIC_4517595,0.4774
ISIC_4518003,0.4757
ISIC_4522095,0.5241
ISIC_4522302,0.4761
ISIC_4523750,0.4784
ISIC_4524900,0.5265
ISIC_4525463,0.4757
ISIC_4526581,0.4818
ISIC_4527040,0.4755
ISIC_4528219,0.4761
ISIC_4528262,0.4798
ISIC_4528712,0.4778
ISIC_4529092,0.4761
ISIC_4529168,0.4785
ISIC_4531954,0.4784
ISIC_4532303,0.5265
ISIC_4535099,0.4785
ISIC_4535125,0.4787
ISIC_4535659,0.4739
ISIC_4536407,0.4779
ISIC_4538207,0.4780
ISIC_4539623,0.4798
ISIC_4540439,0.5248
ISIC_4540903,0.4759
ISIC_4543330,0.4736
ISIC_4543944,0.4778
ISIC_4547141,0.5183
ISIC_4547148,0.4790
ISIC_4547675,0.4775
ISIC_4547887,0.4772
ISIC_4548632,0.4795
ISIC_4550082,0.4724
ISIC_4551517,0.4766
ISIC_4551907,0.5220
ISIC_4555461,0.4788
ISIC_4556455,0.4769
ISIC_4556458,0.4795
ISIC_4556690,0.4750
ISIC_4558228,0.4746
ISIC_4559397,0.5245
ISIC_4560763,0.4798
ISIC_4562786,0.4724
ISIC_4563146,0.4767
ISIC_4564163,0.4754
ISIC_4565708,0.4776
ISIC_4565888,0.4765
ISIC_4568001,0.5230
ISIC_4570724,0.5197
ISIC_4575112,0.4809
ISIC_4579531,0.5293
ISIC_4580458,0.4777
ISIC_4581029,0.5204
ISIC_4584265,0.5217
ISIC_4584794,0.5289
ISIC_4585386,0.4774
ISIC_4586632,0.4758
ISIC_4589123,0.4770
ISIC_4590810,0.4771
ISIC_4591316,0.4799
ISIC_4592289,0.4744
ISIC_4593735,0.4787
ISIC_4594429,0.4786
ISIC_4595741,0.4917
ISIC_4596257,0.4769
ISIC_4596803,0.5227
ISIC_4599730,0.4795
ISIC_4600751,0.4785
ISIC_4601037,0.5273
ISIC_4602667,0.4790
ISIC_4608323,0.4756
ISIC_4614044,0.4784
ISIC_4617417,0.4780
ISIC_4620053,0.4716
ISIC_4621548,0.4760
ISIC_4622902,0.4791
ISIC_4624611,0.4787
ISIC_4626159,0.4795
ISIC_4626633,0.4788
ISIC_4630067,0.4761
ISIC_4630228,0.4774
ISIC_4631509,0.4755
ISIC_4633551,0.4769
ISIC_4635765,0.4723
ISIC_4637454,0.4783
ISIC_4639099,0.4738
ISIC_4641968,0.4790
ISIC_4642877,0.4773
ISIC_4644299,0.4768
ISIC_4646072,0.4782
ISIC_4647349,0.5289
ISIC_4647886,0.4764
ISIC_4648561,0.4739
ISIC_4648593,0.4792
ISIC_4648708,0.5235
ISIC_4649465,0.5224
ISIC_4653149,0.4800
ISIC_4653363,0.4774
ISIC_4654443,0.4781
ISIC_4654808,0.5244
ISIC_4654965,0.4777
ISIC_4655150,0.4731
ISIC_4656184,0.4779
ISIC_4656375,0.4788
ISIC_4656707,0.4746
ISIC_4657078,0.5234
ISIC_4657733,0.5274
ISIC_4658405,0.5058
ISIC_4667046,0.4783
ISIC_4667223,0.4774
ISIC_4668001,0.4775
ISIC_4669366,0.4800
ISIC_4669803,0.4795
ISIC_4670089,0.4949
ISIC_4674378,0.4775
ISIC_4674818,0.4765
ISIC_4675269,0.4766
ISIC_4676156,0.4775
ISIC_4676579,0.4785
ISIC_4679347,0.5200
ISIC_4679428,0.5278
ISIC_4681089,0.4793
ISIC_4681838,0.5249
ISIC_4682438,0.4786
ISIC_4682923,0.4739
ISIC_4683052,0.4785
ISIC_4683122,0.4767
ISIC_4684424,0.4767
ISIC_4685347,0.5206
ISIC_4688928,0.4909
ISIC_4691314,0.5210
ISIC_4691943,0.4756
ISIC_4695363,0.4793
ISIC_4695963,0.4739
ISIC_4696783,0.4742
ISIC_4700144,0.4763
ISIC_4702809,0.4772
ISIC_4704470,0.4814
ISIC_4705128,0.4778
ISIC_4705662,0.4785
ISIC_4708642,0.4783
ISIC_4709818,0.5207
ISIC_4709945,0.5270
ISIC_4712133,0.4867
ISIC_4713698,0.5240
ISIC_4713733,0.5222
ISIC_4718237,0.4748
ISIC_4718825,0.4769
ISIC_4720306,0.4783
ISIC_4725762,0.4727
ISIC_4726431,0.4785
ISIC_4727450,0.4974
ISIC_4730433,0.4766
ISIC_4730764,0.5269
ISIC_4732460,0.4786
ISIC_4732788,0.4726
ISIC_4732943,0.4802
ISIC_4733622,0.4781
ISIC_4734627,0.4777
ISIC_4735959,0.5247
ISIC_4736149,0.4730
ISIC_4737672,0.5156
ISIC_4737689,0.4794
ISIC_4739527,0.5238
ISIC_4739594,0.4766
ISIC_4739931,0.4775
ISIC_4740278,0.4760
ISIC_4742252,0.4756
ISIC_4743874,0.4754
ISIC_4744974,0.4785
ISIC_4747391,0.4805
ISIC_4749576,0.4786
ISIC_4749959,0.5177
ISIC_4751349,0.4713
ISIC_4751661,0.4758
ISIC_4752144,0.4780
ISIC_4752289,0.4799
ISIC_4755972,0.4797
ISIC_4756595,0.5008
ISIC_4757866,0.4759
ISIC_4759062,0.4767
ISIC_4761075,0.4780
ISIC_4762702,0.4773
ISIC_4763436,0.5255
ISIC_4765023,0.4797
ISIC_4765961,0.4763
ISIC_4766046,0.4790
ISIC_4770938,0.4812
ISIC_4772294,0.4720
ISIC_4773019,0.4783
ISIC_4773560,0.5188
ISIC_4781169,0.5245
ISIC_4781927,0.4790
ISIC_4787183,0.4791
ISIC_4791461,0.4773
ISIC_4791893,0.4758
ISIC_4792234,0.4770
ISIC_4794573,0.4769
ISIC_4796032,0.4732
ISIC_4800479,0.4788
ISIC_4805931,0.5315
ISIC_4808930,0.4767
ISIC_4812889,0.4761
ISIC_4813181,0.4779
ISIC_4813681,0.5219
ISIC_4813844,0.4739
ISIC_4813932,0.4772
ISIC_4817771,0.4767
ISIC_4820993,0.4773
ISIC_4821865,0.4793
ISIC_4822306,0.4778
ISIC_4823052,0.4768
ISIC_4823597,0.4760
ISIC_4824153,0.4772
ISIC_4824758,0.4781
ISIC_4826024,0.4795
ISIC_4826037,0.5288
ISIC_4828380,0.5210
ISIC_4828943,0.4749
ISIC_4829356,0.4783
ISIC_4831524,0.4719
ISIC_4838102,0.4769
ISIC_4838394,0.4776
ISIC_4840686,0.4786
ISIC_4842681,0.4800
ISIC_4842741,0.4779
ISIC_4844937,0.4760
ISIC_4845682,0.4803
ISIC_4847287,0.4790
ISIC_4847584,0.4771
ISIC_4848047,0.4749
ISIC_4848291,0.4790
ISIC_4849252,0.4770
ISIC_4850178,0.4756
ISIC_4850678,0.4798
ISIC_4850844,0.4782
ISIC_4851366,0.5217
ISIC_4853371,0.4899
ISIC_4853597,0.5173
ISIC_4857586,0.5281
ISIC_4858896,0.4925
ISIC_4861375,0.4773
ISIC_4862028,0.4794
ISIC_4863404,0.4769
ISIC_4863708,0.5159
ISIC_4865746,0.4780
ISIC_4869740,0.4776
ISIC_4870701,0.5240
ISIC_4871616,0.4798
ISIC_4873009,0.4791
ISIC_4874287,0.4761
ISIC_4874581,0.5258
ISIC_4875023,0.4783
ISIC_4875370,0.4761
ISIC_4876378,0.4804
ISIC_4876720,0.4775
ISIC_4878779,0.4786
ISIC_4879144,0.4776
ISIC_4879697,0.4777
ISIC_4881841,0.5268
ISIC_4882389,0.4789
ISIC_4886493,0.4769
ISIC_4887256,0.4734
ISIC_4887384,0.5198
ISIC_4887874,0.5238
ISIC_4887995,0.4785
ISIC_4888821,0.5177
ISIC_4892817,0.4793
ISIC_4894602,0.5211
ISIC_4894929,0.4780
ISIC_4896088,0.5204
ISIC_4900923,0.4755
ISIC_4901293,0.4769
ISIC_4904364,0.5281
ISIC_4904912,0.4895
ISIC_4905088,0.5248
ISIC_4906470,0.4764
ISIC_4909229,0.4798
ISIC_4911852,0.4710
ISIC_4912127,0.4768
ISIC_4912369,0.4733
ISIC_4913818,0.4769
ISIC_4915404,0.4788
ISIC_4920181,0.4930
ISIC_4923095,0.5232
ISIC_4923606,0.4780
ISIC_4924365,0.4769
ISIC_4926484,0.4768
ISIC_4926759,0.4794
ISIC_4927573,0.4772
ISIC_4927813,0.4787
ISIC_4927943,0.4792
ISIC_4930558,0.4778
ISIC_4930937,0.4767
ISIC_4933230,0.4788
ISIC_4936610,0.4752
ISIC_4938188,0.5223
ISIC_4938638,0.4808
ISIC_4941646,0.4777
ISIC_4942545,0.4796
ISIC_4942899,0.4777
ISIC_4945233,0.4790
ISIC_4946953,0.4746
ISIC_4947778,0.5295
ISIC_4948642,0.4712
ISIC_4949846,0.5231
ISIC_4950151,0.4781
ISIC_4952040,0.4783
ISIC_4952515,0.4768
ISIC_4953080,0.5223
ISIC_4954969,0.5193
ISIC_4955740,0.4786
ISIC_4956558,0.5276
ISIC_4956713,0.4863
ISIC_4956965,0.4763
ISIC_4958219,0.4785
ISIC_4959114,0.4749
ISIC_4959937,0.4766
ISIC_4963410,0.4770
ISIC_4964433,0.4793
ISIC_4965459,0.4755
ISIC_4967564,0.5337
ISIC_4969320,0.5119
ISIC_4969372,0.4785
ISIC_4975243,0.4754
ISIC_4975949,0.4727
ISIC_4976189,0.4787
ISIC_4978474,0.4777
ISIC_4983237,0.5242
ISIC_4984668,0.4802
ISIC_4984688,0.5155
ISIC_4984992,0.4771
ISIC_4986451,0.5284
ISIC_4991633,0.4790
ISIC_4992109,0.4716
ISIC_4994695,0.4761
ISIC_4997532,0.4816
ISIC_5002041,0.4787
ISIC_5002739,0.4750
ISIC_5003062,0.4744
ISIC_5003391,0.4793
ISIC_5003751,0.5255
ISIC_5003787,0.5257
ISIC_5005747,0.4768
ISIC_5006135,0.4784
ISIC_5008399,0.5265
ISIC_5008478,0.4776
ISIC_5009935,0.4729
ISIC_5009980,0.5257
ISIC_5012435,0.4775
ISIC_5013346,0.5226
ISIC_5015081,0.4717
ISIC_5019268,0.5335
ISIC_5023793,0.4800
ISIC_5026565,0.4725
ISIC_5028878,0.4770
ISIC_5028913,0.4771
ISIC_5029636,0.4763
ISIC_5030989,0.4801
ISIC_5031549,0.4787
ISIC_5033871,0.5258
ISIC_5034304,0.4777
ISIC_5037370,0.4741
ISIC_5037592,0.4737
ISIC_5037785,0.4780
ISIC_5039708,0.4793
ISIC_5039895,0.4780
ISIC_5041679,0.4755
ISIC_5042524,0.4797
ISIC_5043090,0.5232
ISIC_5044391,0.5237
ISIC_5044557,0.4763
ISIC_5046340,0.4793
ISIC_5048571,0.4790
ISIC_5049165,0.4767
ISIC_5051632,0.4735
ISIC_5055871,0.4774
ISIC_5056170,0.4804
ISIC_5059355,0.4758
ISIC_5059640,0.4758
ISIC_5063451,0.5219
ISIC_5063645,0.4774
ISIC_5065157,0.4793
ISIC_5066849,0.5189
ISIC_5067317,0.4745
ISIC_5068221,0.5255
ISIC_5069771,0.4725
ISIC_5071682,0.4760
ISIC_5072343,0.4772
ISIC_5074129,0.4747
ISIC_5074228,0.5172
ISIC_5074968,0.4775
ISIC_5078356,0.4726
ISIC_5079103,0.4731
ISIC_5079465,0.4817
ISIC_5082596,0.4777
ISIC_5084150,0.4777
ISIC_5084175,0.4755
ISIC_5084796,0.4746
ISIC_5086676,0.4793
ISIC_5086709,0.4748
ISIC_5089423,0.4783
ISIC_5092424,0.5028
ISIC_5093799,0.4761
ISIC_5095445,0.4804
ISIC_5096132,0.4769
ISIC_5096556,0.4783
ISIC_5096569,0.5268
ISIC_5097785,0.4765
ISIC_5097912,0.5260
ISIC_5098492,0.4723
ISIC_5098663,0.4779
ISIC_5101955,0.4779
ISIC_5102688,0.4778
ISIC_5103854,0.4772
ISIC_5104054,0.4771
ISIC_5106102,0.4735
ISIC_5106545,0.4774
ISIC_5106638,0.4760
ISIC_5108538,0.4803
ISIC_5108732,0.4785
ISIC_5109296,0.4734
ISIC_5111521,0.4775
ISIC_5112908,0.4744
ISIC_5118951,0.4772
ISIC_5119949,0.4772
ISIC_5120553,0.5183
ISIC_5120564,0.4787
ISIC_5120795,0.5280
ISIC_5121178,0.4788
ISIC_5121988,0.4757
ISIC_5123817,0.4785
ISIC_5128793,0.4730
ISIC_5130786,0.4764
ISIC_5131138,0.5169
ISIC_5131821,0.4777
ISIC_5133729,0.4798
ISIC_5134862,0.5269
ISIC_5141510,0.4774
ISIC_5142275,0.5250
ISIC_5144082,0.5234
ISIC_5144373,0.4778
ISIC_5144730,0.5038
ISIC_5147292,0.4787
ISIC_5147524,0.4797
ISIC_5148635,0.5035
ISIC_5149162,0.4801
ISIC_5149730,0.4776
ISIC_5150938,0.4767
ISIC_5151091,0.4768
ISIC_5151261,0.5245
ISIC_5154175,0.4780
ISIC_5157799,0.4796
ISIC_5158597,0.4774
ISIC_5161114,0.5256
ISIC_5162861,0.4818
ISIC_5162875,0.4771
ISIC_5166636,0.5224
ISIC_5168662,0.4747
ISIC_5170228,0.4801
ISIC_5170766,0.4795
ISIC_5173486,0.4773
ISIC_5173742,0.5270
ISIC_5174173,0.4768
ISIC_5175636,0.4782
ISIC_5176297,0.5243
ISIC_5176708,0.4777
ISIC_5178031,0.4795
ISIC_5178216,0.4801
ISIC_5178977,0.4775
ISIC_5179497,0.4779
ISIC_5179620,0.5286
ISIC_5179841,0.4786
ISIC_5180805,0.4743
ISIC_5181177,0.4790
ISIC_5182148,0.4758
ISIC_5182725,0.5182
ISIC_5182820,0.5282
ISIC_5182841,0.4717
ISIC_5185074,0.5249
ISIC_5185188,0.4782
ISIC_5185222,0.4807
ISIC_5187819,0.4767
ISIC_5189310,0.4770
ISIC_5189804,0.4713
ISIC_5190920,0.4960
ISIC_5191018,0.4749
ISIC_5192051,0.4777
ISIC_5192527,0.4772
ISIC_5192684,0.4797
ISIC_5193510,0.5239
ISIC_5194340,0.5090
ISIC_5194705,0.4772
ISIC_5194874,0.4790
ISIC_5198439,0.4768
ISIC_5200791,0.5255
ISIC_5202231,0.4748
ISIC_5203137,0.4767
ISIC_5203504,0.5032
ISIC_5204029,0.4760
ISIC_5204245,0.4789
ISIC_5206080,0.4780
ISIC_5206218,0.4762
ISIC_5208090,0.4736
ISIC_5209007,0.4749
ISIC_5209031,0.4767
ISIC_5210063,0.5237
ISIC_5210185,0.4779
ISIC_5211080,0.4767
ISIC_5212189,0.4762
ISIC_5220911,0.4792
ISIC_5224467,0.4784
ISIC_5225090,0.5178
ISIC_5226018,0.4756
ISIC_5227635,0.4806
ISIC_5229249,0.5186
ISIC_5230282,0.4774
ISIC_5233994,0.4791
ISIC_5234605,0.5289
ISIC_5234914,0.5169
ISIC_5235200,0.4764
ISIC_5237020,0.4735
ISIC_5237723,0.5230
ISIC_5238910,0.5243
ISIC_5240648,0.4755
ISIC_5243378,0.4793
ISIC_5243698,0.4772
ISIC_5247560,0.5307
ISIC_5247735,0.5192
ISIC_5248486,0.4779
ISIC_5249665,0.5182
ISIC_5251150,0.4771
ISIC_5251729,0.4783
ISIC_5252266,0.4751
ISIC_5254524,0.4865
ISIC_5255299,0.4819
ISIC_5256576,0.4764
ISIC_5257137,0.4782
ISIC_5258657,0.4823
ISIC_5259582,0.4778
ISIC_5260098,0.5214
ISIC_5261146,0.4759
ISIC_5263419,0.4752
ISIC_5263581,0.4786
ISIC_5264912,0.4750
ISIC_5265488,0.5227
ISIC_5266861,0.4781
ISIC_5268507,0.4773
ISIC_5273029,0.4782
ISIC_5274992,0.4772
ISIC_5282642,0.4718
ISIC_5283061,0.4781
ISIC_5284504,0.4809
ISIC_5289572,0.4779
ISIC_5289926,0.5109
ISIC_5291129,0.5281
ISIC_5292859,0.4792
ISIC_5292936,0.4793
ISIC_5296443,0.4774
ISIC_5301131,0.4771
ISIC_5302483,0.4790
ISIC_5303717,0.4790
ISIC_5305787,0.5199
ISIC_5307900,0.4772
ISIC_5310630,0.5185
ISIC_5311666,0.4777
ISIC_5312710,0.4790
ISIC_5313579,0.4787
ISIC_5315726,0.4774
ISIC_5317325,0.5219
ISIC_5317565,0.4766
ISIC_5317971,0.4762
ISIC_5318506,0.4776
ISIC_5319885,0.4790
ISIC_5320143,0.5236
ISIC_5321219,0.4737
ISIC_5321221,0.4748
ISIC_5321852,0.4723
ISIC_5323725,0.4774
ISIC_5324760,0.4780
ISIC_5331102,0.4718
ISIC_5331204,0.4774
ISIC_5331210,0.4793
ISIC_5332306,0.4767
ISIC_5333356,0.4777
ISIC_5333549,0.4723
ISIC_5335139,0.5271
ISIC_5337442,0.4906
ISIC_5337614,0.4724
ISIC_5337622,0.4781
ISIC_5339620,0.4743
ISIC_5340965,0.4785
ISIC_5341212,0.5105
ISIC_5343424,0.4791
ISIC_5345112,0.4789
ISIC_5345560,0.4726
ISIC_5346591,0.4764
ISIC_5348855,0.4789
ISIC_5349205,0.4738
ISIC_5350076,0.4796
ISIC_5351400,0.5120
ISIC_5351443,0.5202
ISIC_5351964,0.4817
ISIC_5355196,0.4754
ISIC_5357160,0.5317
ISIC_5357288,0.4719
ISIC_5357975,0.4802
ISIC_5359353,0.4784
ISIC_5360115,0.5270
ISIC_5361285,0.4806
ISIC_5361404,0.4786
ISIC_5361778,0.4780
ISIC_5362869,0.4793
ISIC_5362925,0.4790
ISIC_5364330,0.4951
ISIC_5365617,0.5173
ISIC_5366635,0.4782
ISIC_5373239,0.5218
ISIC_5374076,0.5218
ISIC_5377237,0.4766
ISIC_5378363,0.4763
ISIC_5378379,0.4759
ISIC_5379786,0.4745
ISIC_5382189,0.4793
ISIC_5385528,0.4781
ISIC_5387201,0.4796
ISIC_5387348,0.4805
ISIC_5387829,0.5003
ISIC_5388485,0.4741
ISIC_5390261,0.4798
ISIC_5391415,0.5198
ISIC_5391758,0.5132
ISIC_5392465,0.4853
ISIC_5393017,0.4782
ISIC_5393065,0.4779
ISIC_5396321,0.5271
ISIC_5397483,0.4781
ISIC_5397779,0.5256
ISIC_5397818,0.4786
ISIC_5399150,0.4751
ISIC_5399929,0.4730
ISIC_5400342,0.4787
ISIC_5401671,0.4796
ISIC_5402119,0.5300
ISIC_5404729,0.4801
ISIC_5404908,0.5266
ISIC_5405456,0.5243
ISIC_5407063,0.4714
ISIC_5407167,0.4777
ISIC_5409902,0.4765
ISIC_5410512,0.4744
ISIC_5414133,0.4800
ISIC_5414609,0.4780
ISIC_5414643,0.4772
ISIC_5414884,0.4762
ISIC_5416004,0.4776
ISIC_5416567,0.4747
ISIC_5417016,0.5136
ISIC_5418861,0.4718
ISIC_5423041,0.4784
ISIC_5424547,0.4771
ISIC_5428651,0.4786
ISIC_5429020,0.5221
ISIC_5433575,0.4775
ISIC_5434350,0.4783
ISIC_5435067,0.5255
ISIC_5436888,0.4725
ISIC_5437766,0.4773
ISIC_5438156,0.4725
ISIC_5438431,0.5246
ISIC_5439041,0.4963
ISIC_5440063,0.4755
ISIC_5440360,0.4765
ISIC_5441132,0.4790
ISIC_5441247,0.4743
ISIC_5442158,0.5235
ISIC_5442452,0.5078
ISIC_5443525,0.4730
ISIC_5443689,0.4749
ISIC_5444355,0.4787
ISIC_5446200,0.4781
ISIC_5446515,0.4782
ISIC_5446957,0.4747
ISIC_5449597,0.4744
ISIC_5449822,0.5243
ISIC_5449908,0.4768
ISIC_5451400,0.4809
ISIC_5455568,0.5214
ISIC_5457705,0.5246
ISIC_5457889,0.4767
ISIC_5459056,0.5332
ISIC_5459795,0.5217
ISIC_5463111,0.4745
ISIC_5464509,0.4783
ISIC_5464911,0.4841
ISIC_5468824,0.4779
ISIC_5470594,0.4779
ISIC_5471948,0.4775
ISIC_5472629,0.4783
ISIC_5475423,0.5178
ISIC_5478234,0.5191
ISIC_5481673,0.5157
ISIC_5482648,0.4796
ISIC_5482805,0.4782
ISIC_5483519,0.4763
ISIC_5484046,0.4734
ISIC_5484855,0.4784
ISIC_5485142,0.5236
ISIC_5485524,0.5174
ISIC_5485674,0.4744
ISIC_5486460,0.4783
ISIC_5488046,0.4772
ISIC_5489207,0.4810
ISIC_5491867,0.5265
ISIC_5491983,0.4778
ISIC_5494642,0.4765
ISIC_5497526,0.4797
ISIC_5497851,0.4781
ISIC_5499474,0.5254
ISIC_5501596,0.4752
ISIC_5502229,0.4765
ISIC_5502342,0.4768
ISIC_5503918,0.4777
ISIC_5505507,0.5228
ISIC_5506099,0.4769
ISIC_5506360,0.4747
ISIC_5508542,0.5265
ISIC_5509691,0.5243
ISIC_5511383,0.4741
ISIC_5513509,0.4786
ISIC_5514594,0.4779
ISIC_5514893,0.4806
ISIC_5516928,0.4765
ISIC_5519378,0.4785
ISIC_5524048,0.4766
ISIC_5524682,0.4786
ISIC_5524986,0.5319
ISIC_5527572,0.4773
ISIC_5531935,0.4769
ISIC_5534167,0.4795
ISIC_5537985,0.5319
ISIC_5538346,0.4768
ISIC_5539077,0.4890
ISIC_5539180,0.4787
ISIC_5544367,0.5301
ISIC_5544791,0.4775
ISIC_5544848,0.4799
ISIC_5546181,0.5155
ISIC_5546806,0.5224
ISIC_5547318,0.4779
ISIC_5549565,0.4796
ISIC_5549618,0.4770
ISIC_5549768,0.4769
ISIC_5549970,0.5239
ISIC_5552066,0.4770
ISIC_5552381,0.5226
ISIC_5552385,0.5262
ISIC_5552652,0.4795
ISIC_5553007,0.5255
ISIC_5555700,0.4760
ISIC_5557021,0.4755
ISIC_5557588,0.4794
ISIC_5558141,0.4877
ISIC_5558729,0.4777
ISIC_5558942,0.4769
ISIC_5563008,0.4782
ISIC_5565332,0.4769
ISIC_5566810,0.4786
ISIC_5566928,0.4776
ISIC_5567663,0.4734
ISIC_5568834,0.4765
ISIC_5569091,0.4724
ISIC_5569936,0.4757
ISIC_5573395,0.4756
ISIC_5573611,0.5283
ISIC_5573679,0.4783
ISIC_5574940,0.5083
ISIC_5575021,0.4736
ISIC_5576241,0.5324
ISIC_5576250,0.4779
ISIC_5576501,0.4713
ISIC_5576986,0.4760
ISIC_5578611,0.4799
ISIC_5578739,0.4779
ISIC_5579876,0.4758
ISIC_5581931,0.5291
ISIC_5582679,0.5241
ISIC_5582819,0.5214
ISIC_5585802,0.4775
ISIC_5586153,0.4993
ISIC_5588302,0.4771
ISIC_5592799,0.4717
ISIC_5594342,0.4782
ISIC_5597282,0.4779
ISIC_5598875,0.5234
ISIC_5600776,0.4891
ISIC_5603773,0.4777
ISIC_5606693,0.5217
ISIC_5607667,0.4795
ISIC_5609717,0.4796
ISIC_5610153,0.4758
ISIC_5610222,0.4783
ISIC_5611035,0.4795
ISIC_5611104,0.4738
ISIC_5611515,0.4792
ISIC_5612713,0.4768
ISIC_5612942,0.4785
ISIC_5613199,0.5273
ISIC_5613297,0.4760
ISIC_5614711,0.4798
ISIC_5615676,0.4762
ISIC_5616806,0.4783
ISIC_5617330,0.4785
ISIC_5618035,0.4806
ISIC_5619062,0.4752
ISIC_5619286,0.4787
ISIC_5622348,0.4798
ISIC_5622532,0.5203
ISIC_5622828,0.5230
ISIC_5623327,0.4783
ISIC_5624660,0.5264
ISIC_5624953,0.4787
ISIC_5626108,0.4779
ISIC_5631347,0.4729
ISIC_5631411,0.4791
ISIC_5634181,0.4765
ISIC_5634353,0.5235
ISIC_5634535,0.4738
ISIC_5636556,0.5237
ISIC_5636983,0.4754
ISIC_5639037,0.5259
ISIC_5639154,0.4795
ISIC_5639316,0.4798
ISIC_5640863,0.4783
ISIC_5641619,0.5198
ISIC_5644364,0.4969
ISIC_5644673,0.5235
ISIC_5644962,0.4792
ISIC_5646067,0.4770
ISIC_5647101,0.4751
ISIC_5647937,0.4771
ISIC_5648111,0.4793
ISIC_5648155,0.4797
ISIC_5652091,0.5072
ISIC_5654651,0.4749
ISIC_5657199,0.4736
ISIC_5661368,0.5206
ISIC_5663111,0.4736
ISIC_5663164,0.5170
ISIC_5665277,0.5279
ISIC_5667707,0.4780
ISIC_5667935,0.5233
ISIC_5669294,0.4712
ISIC_5673336,0.4782
ISIC_5675703,0.5002
ISIC_5676027,0.5046
ISIC_5678113,0.4776
ISIC_5678799,0.4737
ISIC_5679708,0.4797
ISIC_5681794,0.4769
ISIC_5682259,0.4786
ISIC_5683235,0.4973
ISIC_5683393,0.5261
ISIC_5683747,0.4767
ISIC_5684218,0.4801
ISIC_5688720,0.5049
ISIC_5689986,0.4764
ISIC_5692354,0.4774
ISIC_5692863,0.4784
ISIC_5695623,0.4866
ISIC_5695927,0.4776
ISIC_5704741,0.4865
ISIC_5705973,0.4778
ISIC_5706908,0.4772
ISIC_5707762,0.5254
ISIC_5708658,0.4761
ISIC_5709767,0.4800
ISIC_5709772,0.4775
ISIC_5710959,0.4803
ISIC_5712316,0.4773
ISIC_5714260,0.5219
ISIC_5714411,0.5218
ISIC_5717378,0.4779
ISIC_5718663,0.4770
ISIC_5721110,0.4787
ISIC_5721717,0.4774
ISIC_5722813,0.4782
ISIC_5723510,0.4779
ISIC_5723592,0.5240
ISIC_5726007,0.4736
ISIC_5727083,0.5057
ISIC_5728988,0.4786
ISIC_5730062,0.4781
ISIC_5732463,0.4769
ISIC_5732980,0.4799
ISIC_5736023,0.4739
ISIC_5736595,0.4801
ISIC_5736624,0.4788
ISIC_5736966,0.4716
ISIC_5737704,0.4868
ISIC_5738103,0.5232
ISIC_5738369,0.4766
ISIC_5739829,0.5229
ISIC_5743557,0.4762
ISIC_5743740,0.5267
ISIC_5744192,0.4729
ISIC_5745941,0.4784
ISIC_5747486,0.4762
ISIC_5747868,0.4763
ISIC_5748751,0.4756
ISIC_5748858,0.5280
ISIC_5750242,0.5241
ISIC_5754070,0.4785
ISIC_5754214,0.4776
ISIC_5756962,0.4750
ISIC_5757336,0.5235
ISIC_5758327,0.5274
ISIC_5759703,0.4788
ISIC_5759754,0.5257
ISIC_5760047,0.4785
ISIC_5760581,0.4766
ISIC_5760868,0.4811
ISIC_5760915,0.4749
ISIC_5760948,0.5231
ISIC_5763398,0.5247
ISIC_5768590,0.4764
ISIC_5774974,0.5256
ISIC_5778330,0.4754
ISIC_5779294,0.4743
ISIC_5781089,0.4815
ISIC_5782816,0.4774
ISIC_5783440,0.4795
ISIC_5783861,0.5306
ISIC_5787312,0.4748
ISIC_5787522,0.4778
ISIC_5788537,0.4739
ISIC_5790002,0.4784
ISIC_5790315,0.4772
ISIC_5790534,0.4778
ISIC_5791731,0.4741
ISIC_5792189,0.4770
ISIC_5793921,0.5337
ISIC_5795064,0.5274
ISIC_5796736,0.4791
ISIC_5796748,0.4780
ISIC_5796890,0.4730
ISIC_5797062,0.5251
ISIC_5797942,0.4786
ISIC_5798539,0.5122
ISIC_5799433,0.5233
ISIC_5801307,0.4801
ISIC_5803529,0.4772
ISIC_5805349,0.4746
ISIC_5807597,0.4780
ISIC_5807682,0.4842
ISIC_5809019,0.5086
ISIC_5809221,0.5216
ISIC_5810306,0.4764
ISIC_5812330,0.4791
ISIC_5818405,0.5264
ISIC_5822017,0.4780
ISIC_5823292,0.4777
ISIC_5825647,0.5271
ISIC_5832440,0.5083
ISIC_5832792,0.5252
ISIC_5837974,0.4765
ISIC_5841774,0.5117
ISIC_5847018,0.4724
ISIC_5852089,0.5017
ISIC_5853111,0.4790
ISIC_5855700,0.4780
ISIC_5856688,0.4711
ISIC_5857728,0.4884
ISIC_5857954,0.4775
ISIC_5858628,0.4764
ISIC_5860849,0.5257
ISIC_5863192,0.4793
ISIC_5863681,0.4763
ISIC_5864390,0.5241
ISIC_5865142,0.4791
ISIC_5865828,0.4767
ISIC_5866381,0.5234
ISIC_5867703,0.5148
ISIC_5868210,0.4758
ISIC_5868698,0.5246
ISIC_5869480,0.5248
ISIC_5871658,0.4782
ISIC_5872498,0.4794
ISIC_5873715,0.4787
ISIC_5877410,0.5053
ISIC_5877850,0.4771
ISIC_5878189,0.5221
ISIC_5879930,0.5257
ISIC_5881871,0.4765
ISIC_5882650,0.4922
ISIC_5883505,0.5221
ISIC_5884413,0.4774
ISIC_5884700,0.4753
ISIC_5885403,0.4733
ISIC_5885837,0.4788
ISIC_5886168,0.4745
ISIC_5888672,0.4778
ISIC_5894246,0.4778
ISIC_5894728,0.5332
ISIC_5896464,0.4791
ISIC_5897799,0.4800
ISIC_5899408,0.4755
ISIC_5901590,0.5141
ISIC_5904421,0.4785
ISIC_5907599,0.4787
ISIC_5907909,0.4765
ISIC_5907931,0.4793
ISIC_5910685,0.5344
ISIC_5914196,0.4760
ISIC_5914315,0.4754
ISIC_5919355,0.4766
ISIC_5919621,0.5278
ISIC_5919794,0.4780
ISIC_5920981,0.4777
ISIC_5924147,0.4775
ISIC_5924487,0.4776
ISIC_5925370,0.5310
ISIC_5927617,0.4794
ISIC_5929687,0.4786
ISIC_5930008,0.5218
ISIC_5934696,0.5149
ISIC_5946099,0.4741
ISIC_5950041,0.4724
ISIC_5956170,0.4745
ISIC_5958246,0.5286
ISIC_5959591,0.4802
ISIC_5961421,0.5198
ISIC_5962462,0.4763
ISIC_5964173,0.4763
ISIC_5964381,0.5145
ISIC_5965968,0.4793
ISIC_5970180,0.4789
ISIC_5971591,0.5181
ISIC_5972490,0.4739
ISIC_5973717,0.5227
ISIC_5974286,0.4780
ISIC_5979694,0.4789
ISIC_5979771,0.4749
ISIC_5979807,0.4758
ISIC_5980105,0.4796
ISIC_5981147,0.4762
ISIC_5983500,0.5136
ISIC_5984418,0.4721
ISIC_5986786,0.4776
ISIC_5987157,0.4745
ISIC_5987266,0.4758
ISIC_5988963,0.4791
ISIC_5990316,0.4774
ISIC_5993530,0.4777
ISIC_5994007,0.4754
ISIC_5997133,0.5142
ISIC_5997151,0.4800
ISIC_5997381,0.5252
ISIC_5997454,0.4780
ISIC_5998513,0.5266
ISIC_5999002,0.4781
ISIC_6000142,0.4708
ISIC_6000183,0.4760
ISIC_6001936,0.5159
ISIC_6005045,0.4753
ISIC_6009087,0.4770
ISIC_6010241,0.4777
ISIC_6016197,0.4985
ISIC_6016330,0.4789
ISIC_6016759,0.5208
ISIC_6017148,0.4787
ISIC_6017897,0.4758
ISIC_6018782,0.4792
ISIC_6019374,0.5158
ISIC_6020102,0.4713
ISIC_6021556,0.4784
ISIC_6024691,0.5210
ISIC_6025043,0.5238
ISIC_6026244,0.4782
ISIC_6028082,0.4773
ISIC_6034346,0.4798
ISIC_6035362,0.4788
ISIC_6038253,0.5240
ISIC_6041185,0.5225
ISIC_6044518,0.5301
ISIC_6046224,0.4813
ISIC_6047070,0.4933
ISIC_6048088,0.4728
ISIC_6050281,0.4777
ISIC_6051598,0.4772
ISIC_6051951,0.4803
ISIC_6054420,0.5240
ISIC_6056692,0.4769
ISIC_6058345,0.4791
ISIC_6060741,0.4751
ISIC_6062536,0.4752
ISIC_6065618,0.5131
ISIC_6067133,0.4759
ISIC_6069774,0.4738
ISIC_6070930,0.4801
ISIC_6073559,0.4796
ISIC_6081540,0.4766
ISIC_6086070,0.4741
ISIC_6086618,0.4774
ISIC_6088194,0.4784
ISIC_6088974,0.4767
ISIC_6089798,0.5156
ISIC_6091765,0.4784
ISIC_6092704,0.4747
ISIC_6092800,0.5258
ISIC_6092849,0.4724
ISIC_6093728,0.4712
ISIC_6096598,0.5272
ISIC_6098003,0.4781
ISIC_6099309,0.4732
ISIC_6102435,0.4790
ISIC_6103060,0.4805
ISIC_6108396,0.4769
ISIC_6111078,0.5245
ISIC_6114646,0.4782
ISIC_6116001,0.4792
ISIC_6119386,0.5229
ISIC_6122044,0.5227
ISIC_6123304,0.5222
ISIC_6123657,0.5250
ISIC_6124127,0.4775
ISIC_6126056,0.4811
ISIC_6126554,0.4797
ISIC_6127074,0.5232
ISIC_6128108,0.4779
ISIC_6133418,0.4767
ISIC_6135602,0.4781
ISIC_6138246,0.4759
ISIC_6139353,0.4745
ISIC_6141422,0.4755
ISIC_6143929,0.5174
ISIC_6144315,0.4780
ISIC_6144716,0.4793
ISIC_6146097,0.4720
ISIC_6147696,0.4787
ISIC_6148723,0.4798
ISIC_6151703,0.5279
ISIC_6151842,0.4737
ISIC_6159783,0.4797
ISIC_6162609,0.4765
ISIC_6164605,0.4774
ISIC_6165499,0.4784
ISIC_6165710,0.4764
ISIC_6166308,0.4796
ISIC_6166810,0.4766
ISIC_6167377,0.4758
ISIC_6172211,0.5242
ISIC_6173977,0.4826
ISIC_6174735,0.4768
ISIC_6174933,0.5202
ISIC_6176607,0.4744
ISIC_6177158,0.4769
ISIC_6177583,0.4793
ISIC_6178099,0.4760
ISIC_6178350,0.4809
ISIC_6180030,0.4770
ISIC_6180870,0.4777
ISIC_6185146,0.4791
ISIC_6187335,0.4767
ISIC_6188901,0.5238
ISIC_6188916,0.4785
ISIC_6189200,0.5237
ISIC_6189828,0.5268
ISIC_6192108,0.5218
ISIC_6192523,0.4800
ISIC_6192822,0.4755
ISIC_6198131,0.4794
ISIC_6198993,0.4775
ISIC_6199414,0.4739
ISIC_6200040,0.4831
ISIC_6200373,0.4749
ISIC_6200688,0.4787
ISIC_6203128,0.4790
ISIC_6203774,0.4773
ISIC_6204286,0.5272
ISIC_6207286,0.5228
ISIC_6207688,0.4792
ISIC_6209119,0.4788
ISIC_6209322,0.4779
ISIC_6209336,0.4775
ISIC_6211297,0.4805
ISIC_6212809,0.4767
ISIC_6216283,0.4797
ISIC_6219458,0.4784
ISIC_6219909,0.5172
ISIC_6220953,0.4772
ISIC_6221165,0.4769
ISIC_6221203,0.5171
ISIC_6222611,0.4789
ISIC_6223183,0.4788
ISIC_6224828,0.4786
ISIC_6228625,0.4794
ISIC_6228827,0.4756
ISIC_6232156,0.5266
ISIC_6237488,0.4809
ISIC_6238658,0.4755
ISIC_6239943,0.4784
ISIC_6242929,0.4773
ISIC_6245027,0.4778
ISIC_6250010,0.4759
ISIC_6250214,0.4773
ISIC_6251471,0.4781
ISIC_6251647,0.4769
ISIC_6254731,0.4762
ISIC_6258246,0.4773
ISIC_6258919,0.4725
ISIC_6263886,0.4789
ISIC_6264845,0.4772
ISIC_6265319,0.4753
ISIC_6268691,0.4750
ISIC_6269543,0.4720
ISIC_6270437,0.4783
ISIC_6270513,0.4787
ISIC_6270846,0.4760
ISIC_6274020,0.5207
ISIC_6276482,0.4759
ISIC_6277077,0.4755
ISIC_6278647,0.5352
ISIC_6279017,0.4724
ISIC_6281419,0.4769
ISIC_6281673,0.4788
ISIC_6283893,0.4791
ISIC_6284930,0.4788
ISIC_6288696,0.4779
ISIC_6289765,0.5244
ISIC_6293227,0.5242
ISIC_6293244,0.5257
ISIC_6294920,0.4805
ISIC_6295455,0.4785
ISIC_6296442,0.4822
ISIC_6297408,0.4795
ISIC_6298228,0.4761
ISIC_6298293,0.5231
ISIC_6299415,0.4792
ISIC_6303154,0.5245
ISIC_6304007,0.4793
ISIC_6304171,0.4745
ISIC_6304412,0.4784
ISIC_6304655,0.4778
ISIC_6306333,0.4770
ISIC_6306658,0.4780
ISIC_6310533,0.4792
ISIC_6310591,0.4772
ISIC_6312714,0.5243
ISIC_6315192,0.5364
ISIC_6316410,0.4719
ISIC_6318724,0.4790
ISIC_6319067,0.4757
ISIC_6320692,0.4786
ISIC_6321119,0.4770
ISIC_6323489,0.4716
ISIC_6324423,0.4798
ISIC_6325673,0.4776
ISIC_6326444,0.4904
ISIC_6326790,0.4745
ISIC_6328643,0.4762
ISIC_6329930,0.4772
ISIC_6335980,0.4777
ISIC_6336454,0.4789
ISIC_6336926,0.5253
ISIC_6339509,0.5218
ISIC_6340529,0.4790
ISIC_6343199,0.4789
ISIC_6344114,0.5257
ISIC_6345354,0.4783
ISIC_6346012,0.4781
ISIC_6346725,0.4852
ISIC_6347332,0.4735
ISIC_6347764,0.4785
ISIC_6349205,0.5177
ISIC_6350508,0.4746
ISIC_6350634,0.4729
ISIC_6350948,0.4761
ISIC_6352994,0.4766
ISIC_6354194,0.4734
ISIC_6364051,0.5285
ISIC_6364524,0.4786
ISIC_6364664,0.4779
ISIC_6366631,0.4739
ISIC_6366677,0.5218
ISIC_6370748,0.4796
ISIC_6371078,0.4800
ISIC_6371959,0.4725
ISIC_6372726,0.4759
ISIC_6375121,0.4788
ISIC_6376803,0.5250
ISIC_6377578,0.4787
ISIC_6377883,0.5232
ISIC_6378798,0.4797
ISIC_6380662,0.4779
ISIC_6381283,0.5133
ISIC_6383291,0.4760
ISIC_6384559,0.4727
ISIC_6384912,0.4765
ISIC_6384997,0.4770
ISIC_6385216,0.4797
ISIC_6387764,0.4796
ISIC_6391567,0.5174
ISIC_6391839,0.4742
ISIC_6392089,0.4869
ISIC_6392478,0.4760
ISIC_6393611,0.4773
ISIC_6396473,0.4771
ISIC_6397631,0.4729
ISIC_6398283,0.5259
ISIC_6400279,0.4745
ISIC_6401355,0.4789
ISIC_6401657,0.4814
ISIC_6403268,0.4767
ISIC_6405298,0.5233
ISIC_6406035,0.4769
ISIC_6407060,0.4762
ISIC_6407136,0.5219
ISIC_6407230,0.4779
ISIC_6408408,0.4775
ISIC_6408480,0.4806
ISIC_6409060,0.4746
ISIC_6409671,0.4711
ISIC_6410830,0.4779
ISIC_6411004,0.4784
ISIC_6412112,0.4735
ISIC_6412486,0.4761
ISIC_6413346,0.4785
ISIC_6414006,0.4745
ISIC_6421507,0.4783
ISIC_6423301,0.4780
ISIC_6423964,0.5177
ISIC_6427086,0.4778
ISIC_6427157,0.4774
ISIC_6430052,0.4760
ISIC_6431475,0.4747
ISIC_6432495,0.4783
ISIC_6432672,0.4762
ISIC_6433084,0.5253
ISIC_6433551,0.4718
ISIC_6433744,0.4784
ISIC_6434203,0.4746
ISIC_6435644,0.4807
ISIC_6437087,0.5321
ISIC_6437676,0.4732
ISIC_6441610,0.5165
ISIC_6441689,0.4744
ISIC_6443700,0.4790
ISIC_6446753,0.5266
ISIC_6446779,0.4789
ISIC_6447071,0.4716
ISIC_6449065,0.4744
ISIC_6450541,0.4793
ISIC_6451230,0.4777
ISIC_6452498,0.5246
ISIC_6455034,0.4770
ISIC_6458982,0.4789
ISIC_6459976,0.4743
ISIC_6460137,0.4776
ISIC_6460696,0.4773
ISIC_6461419,0.4748
ISIC_6463417,0.4777
ISIC_6466611,0.4783
ISIC_6468427,0.4791
ISIC_6470737,0.5243
ISIC_6472901,0.4803
ISIC_6473741,0.4755
ISIC_6473760,0.4781
ISIC_6474368,0.4791
ISIC_6475049,0.4757
ISIC_6476351,0.4757
ISIC_6477752,0.4769
ISIC_6477810,0.4786
ISIC_6479562,0.4787
ISIC_6480121,0.5069
ISIC_6480380,0.4794
ISIC_6486810,0.4761
ISIC_6486834,0.4784
ISIC_6486856,0.4781
ISIC_6488516,0.4753
ISIC_6494409,0.4722
ISIC_6497801,0.4840
ISIC_6499329,0.4752
ISIC_6499613,0.5092
ISIC_6500602,0.4726
ISIC_6501071,0.4748
ISIC_6502825,0.4776
ISIC_6506429,0.5183
ISIC_6507492,0.4763
ISIC_6508516,0.4791
ISIC_6509261,0.4825
ISIC_6511284,0.5240
ISIC_6515089,0.4718
ISIC_6515221,0.5229
ISIC_6515546,0.4777
ISIC_6515697,0.4749
ISIC_6517082,0.5232
ISIC_6520777,0.4792
ISIC_6521087,0.4779
ISIC_6524119,0.4792
ISIC_6524810,0.4760
ISIC_6526150,0.4739
ISIC_6526551,0.4771
ISIC_6528650,0.5278
ISIC_6530659,0.4721
ISIC_6531118,0.5230
ISIC_6533307,0.4782
ISIC_6534346,0.5211
ISIC_6534818,0.4760
ISIC_6536232,0.4928
ISIC_6538524,0.4757
ISIC_6538955,0.4730
ISIC_6539326,0.4792
ISIC_6539852,0.4949
ISIC_6542162,0.5214
ISIC_6543269,0.4772
ISIC_6544010,0.4743
ISIC_6544382,0.5239
ISIC_6544548,0.4782
ISIC_6544804,0.4773
ISIC_6545051,0.4780
ISIC_6546423,0.4797
ISIC_6546981,0.4800
ISIC_6547275,0.4768
ISIC_6547379,0.4866
ISIC_6547878,0.4787
ISIC_6549429,0.4744
ISIC_6549908,0.4779
ISIC_6549919,0.4775
ISIC_6551532,0.4758
ISIC_6552552,0.4798
ISIC_6553389,0.4787
ISIC_6555093,0.4771
ISIC_6556622,0.4774
ISIC_6557194,0.5251
ISIC_6562849,0.5271
ISIC_6563695,0.4771
ISIC_6563761,0.5235
ISIC_6570611,0.4836
ISIC_6571459,0.4790
ISIC_6572646,0.4769
ISIC_6573739,0.5239
ISIC_6574042,0.5265
ISIC_6577087,0.4737
ISIC_6577767,0.4759
ISIC_6580390,0.4788
ISIC_6581411,0.5308
ISIC_6582297,0.4760
ISIC_6584958,0.4774
ISIC_6585725,0.4774
ISIC_6587310,0.4767
ISIC_6590303,0.4762
ISIC_6590463,0.4757
ISIC_6590554,0.4768
ISIC_6593073,0.4764
ISIC_6594464,0.5265
ISIC_6595186,0.4756
ISIC_6595668,0.5297
ISIC_6596403,0.5361
ISIC_6599891,0.4769
ISIC_6600158,0.4883
ISIC_6602795,0.4782
ISIC_6602905,0.4805
ISIC_6602939,0.5098
ISIC_6604551,0.4766
ISIC_6604682,0.5298
ISIC_6605122,0.4761
ISIC_6605541,0.4776
ISIC_6606131,0.4786
ISIC_6606767,0.4787
ISIC_6607519,0.4778
ISIC_6607639,0.4794
ISIC_6608507,0.5255
ISIC_6610220,0.4795
ISIC_6610700,0.4734
ISIC_6610852,0.4797
ISIC_6613239,0.4760
ISIC_6613986,0.4766
ISIC_6616174,0.5121
ISIC_6616239,0.4777
ISIC_6616450,0.4768
ISIC_6618943,0.5065
ISIC_6619276,0.4785
ISIC_6620035,0.4792
ISIC_6622892,0.4774
ISIC_6624154,0.4844
ISIC_6625189,0.4803
ISIC_6626544,0.4783
ISIC_6626957,0.4807
ISIC_6627237,0.4783
ISIC_6630570,0.4777
ISIC_6635699,0.4800
ISIC_6636720,0.4984
ISIC_6637633,0.5265
ISIC_6639111,0.4773
ISIC_6639525,0.4761
ISIC_6641007,0.5287
ISIC_6641378,0.5234
ISIC_6644834,0.4776
ISIC_6646410,0.4772
ISIC_6652681,0.4773
ISIC_6653225,0.4734
ISIC_6654619,0.4764
ISIC_6656318,0.4782
ISIC_6660247,0.4795
ISIC_6661073,0.4775
ISIC_6661691,0.4739
ISIC_6662566,0.4751
ISIC_6665312,0.4773
ISIC_6666623,0.4778
ISIC_6667080,0.4821
ISIC_6670242,0.5210
ISIC_6671451,0.4771
ISIC_6672654,0.4710
ISIC_6673875,0.5270
ISIC_6676568,0.4742
ISIC_6676647,0.4890
ISIC_6676705,0.4770
ISIC_6679922,0.5284
ISIC_6681811,0.4778
ISIC_6683370,0.4762
ISIC_6688054,0.4785
ISIC_6691962,0.4772
ISIC_6692281,0.4790
ISIC_6694724,0.4921
ISIC_6697013,0.4781
ISIC_6699817,0.4769
ISIC_6699854,0.4785
ISIC_6703280,0.4769
ISIC_6704130,0.4782
ISIC_6705094,0.4768
ISIC_6706289,0.4769
ISIC_6708968,0.5225
ISIC_6710584,0.4761
ISIC_6711996,0.4787
ISIC_6712470,0.5180
ISIC_6712655,0.4756
ISIC_6712836,0.4739
ISIC_6713263,0.4794
ISIC_6714006,0.4765
ISIC_6714082,0.5199
ISIC_6715003,0.4743
ISIC_6715731,0.4785
ISIC_6715897,0.4793
ISIC_6717322,0.4799
ISIC_6718307,0.4769
ISIC_6718969,0.4783
ISIC_6720670,0.4756
ISIC_6722586,0.4773
ISIC_6723937,0.4746
ISIC_6724069,0.4916
ISIC_6731659,0.4771
ISIC_6732560,0.4809
ISIC_6732763,0.4791
ISIC_6735519,0.5210
ISIC_6736062,0.4755
ISIC_6741707,0.4770
ISIC_6743860,0.4756
ISIC_6744531,0.4784
ISIC_6746168,0.4786
ISIC_6749024,0.4768
ISIC_6749926,0.4776
ISIC_6753364,0.4712
ISIC_6753425,0.4754
ISIC_6754247,0.4778
ISIC_6754517,0.4745
ISIC_6754749,0.4781
ISIC_6757533,0.4827
ISIC_6758042,0.5041
ISIC_6759615,0.4807
ISIC_6761269,0.4786
ISIC_6761837,0.4780
ISIC_6763221,0.4740
ISIC_6764193,0.5336
ISIC_6767017,0.4780
ISIC_6767569,0.5236
ISIC_6770425,0.4773
ISIC_6771825,0.5197
ISIC_6777153,0.4785
ISIC_6778005,0.5290
ISIC_6778483,0.5250
ISIC_6778936,0.4781
ISIC_6779421,0.4816
ISIC_6781075,0.4735
ISIC_6782271,0.5218
ISIC_6782898,0.4772
ISIC_6783285,0.4794
ISIC_6784756,0.4774
ISIC_6786198,0.5267
ISIC_6787039,0.4788
ISIC_6788130,0.4779
ISIC_6788785,0.4750
ISIC_6789876,0.4771
ISIC_6790949,0.4780
ISIC_6791904,0.4759
ISIC_6792155,0.4715
ISIC_6793721,0.4804
ISIC_6794321,0.4784
ISIC_6795790,0.4790
ISIC_6798517,0.4787
ISIC_6798880,0.4776
ISIC_6801549,0.4764
ISIC_6801988,0.4770
ISIC_6802355,0.4793
ISIC_6804655,0.5235
ISIC_6807803,0.4793
ISIC_6808583,0.5271
ISIC_6808788,0.4790
ISIC_6808968,0.4740
ISIC_6809329,0.5197
ISIC_6810183,0.5346
ISIC_6813799,0.4770
ISIC_6814478,0.5229
ISIC_6814608,0.4790
ISIC_6822870,0.4797
ISIC_6828115,0.4770
ISIC_6828587,0.4753
ISIC_6831482,0.4721
ISIC_6831788,0.4761
ISIC_6839452,0.5167
ISIC_6844329,0.4814
ISIC_6845966,0.4780
ISIC_6846975,0.4795
ISIC_6847317,0.4770
ISIC_6850708,0.4766
ISIC_6851189,0.4793
ISIC_6852313,0.4742
ISIC_6853657,0.4771
ISIC_6853786,0.4793
ISIC_6855540,0.4779
ISIC_6858074,0.4724
ISIC_6860064,0.4798
ISIC_6860222,0.4787
ISIC_6862411,0.4761
ISIC_6863520,0.4775
ISIC_6864170,0.5199
ISIC_6866317,0.4791
ISIC_6866526,0.4797
ISIC_6869128,0.4772
ISIC_6870647,0.4784
ISIC_6872638,0.5219
ISIC_6872792,0.5221
ISIC_6874100,0.5218
ISIC_6875825,0.4769
ISIC_6876297,0.4766
ISIC_6876820,0.4735
ISIC_6878417,0.4770
ISIC_6878588,0.5164
ISIC_6882480,0.4777
ISIC_6885016,0.4784
ISIC_6886237,0.4777
ISIC_6888012,0.4762
ISIC_6888402,0.4784
ISIC_6888906,0.5243
ISIC_6898059,0.4763
ISIC_6898841,0.4788
ISIC_6901681,0.4760
ISIC_6901969,0.4748
ISIC_6904082,0.5225
ISIC_6905594,0.4767
ISIC_6906953,0.5206
ISIC_6907218,0.4782
ISIC_6909624,0.5279
ISIC_6911333,0.4753
ISIC_6917587,0.4799
ISIC_6918302,0.5293
ISIC_6919698,0.4796
ISIC_6919856,0.4787
ISIC_6920867,0.5260
ISIC_6922243,0.4769
ISIC_6924549,0.5251
ISIC_6926090,0.4765
ISIC_6926118,0.4777
ISIC_6926716,0.4788
ISIC_6928308,0.4894
ISIC_6929781,0.4755
ISIC_6930275,0.4765
ISIC_6930690,0.5233
ISIC_6933471,0.4775
ISIC_6933573,0.4790
ISIC_6935923,0.4798
ISIC_6937199,0.4775
ISIC_6937905,0.4786
ISIC_6938217,0.4781
ISIC_6938489,0.4780
ISIC_6938682,0.4750
ISIC_6941441,0.4789
ISIC_6943610,0.4777
ISIC_6945634,0.5229
ISIC_6948332,0.4779
ISIC_6948462,0.4766
ISIC_6948604,0.4733
ISIC_6951568,0.5245
ISIC_6952652,0.4783
ISIC_6953334,0.4746
ISIC_6954276,0.4765
ISIC_6954994,0.4720
ISIC_6955799,0.4774
ISIC_6958534,0.4781
ISIC_6958823,0.4789
ISIC_6962990,0.4784
ISIC_6963322,0.4768
ISIC_6964033,0.4765
ISIC_6964131,0.4800
ISIC_6967033,0.4783
ISIC_6968124,0.4757
ISIC_6968405,0.4761
ISIC_6968972,0.4720
ISIC_6969219,0.4784
ISIC_6970590,0.4780
ISIC_6970607,0.4745
ISIC_6970727,0.4776
ISIC_6971606,0.4760
ISIC_6973425,0.5256
ISIC_6974605,0.5070
ISIC_6976235,0.4770
ISIC_6981061,0.4788
ISIC_6985455,0.5242
ISIC_6987824,0.5227
ISIC_6991849,0.4783
ISIC_6992267,0.5118
ISIC_6996553,0.4787
ISIC_6997061,0.4756
ISIC_7000309,0.4780
ISIC_7005347,0.4779
ISIC_7006312,0.4779
ISIC_7011745,0.4788
ISIC_7013418,0.4785
ISIC_7013680,0.4779
ISIC_7015694,0.5228
ISIC_7016255,0.4764
ISIC_7017387,0.4797
ISIC_7017547,0.4710
ISIC_7018480,0.5300
ISIC_7020131,0.4752
ISIC_7020177,0.4792
ISIC_7021038,0.5278
ISIC_7021681,0.4771
ISIC_7023656,0.4779
ISIC_7024060,0.4755
ISIC_7025159,0.5215
ISIC_7030461,0.4797
ISIC_7031095,0.4735
ISIC_7031159,0.4786
ISIC_7031550,0.4719
ISIC_7031812,0.4735
ISIC_7032299,0.5236
ISIC_7035517,0.5269
ISIC_7040108,0.4775
ISIC_7040375,0.4785
ISIC_7041558,0.4778
ISIC_7043443,0.5228
ISIC_7044635,0.5319
ISIC_7050122,0.5178
ISIC_7050575,0.4952
ISIC_7052158,0.5248
ISIC_7052658,0.4756
ISIC_7054108,0.4780
ISIC_7054632,0.5269
ISIC_7054883,0.5203
ISIC_7056776,0.4764
ISIC_7058883,0.4781
ISIC_7059794,0.4792
ISIC_7060554,0.4772
ISIC_7063629,0.4774
ISIC_7066393,0.4779
ISIC_7066489,0.5255
ISIC_7066695,0.4782
ISIC_7066874,0.4770
ISIC_7068931,0.4738
ISIC_7069003,0.4770
ISIC_7070384,0.4724
ISIC_7071944,0.4782
ISIC_7072658,0.4794
ISIC_7073270,0.4798
ISIC_7075789,0.4769
ISIC_7076242,0.4758
ISIC_7076773,0.5183
ISIC_7077740,0.4810
ISIC_7079349,0.5252
ISIC_7079714,0.4783
ISIC_7081206,0.5110
ISIC_7082337,0.4776
ISIC_7082703,0.5232
ISIC_7083105,0.4783
ISIC_7083307,0.4765
ISIC_7083830,0.5195
ISIC_7089788,0.4762
ISIC_7090070,0.4796
ISIC_7092287,0.4770
ISIC_7093104,0.4791
ISIC_7093333,0.4759
ISIC_7095039,0.4781
ISIC_7097343,0.4782
ISIC_7102028,0.4726
ISIC_7102464,0.4759
ISIC_7104307,0.5312
ISIC_7105639,0.4780
ISIC_7105681,0.4793
ISIC_7105964,0.4789
ISIC_7106012,0.4760
ISIC_7107052,0.4764
ISIC_7108277,0.4782
ISIC_7110889,0.4763
ISIC_7111544,0.5154
ISIC_7113667,0.4742
ISIC_7115079,0.4788
ISIC_7116091,0.4753
ISIC_7119225,0.4768
ISIC_7120223,0.4776
ISIC_7121198,0.4739
ISIC_7121344,0.4783
ISIC_7121365,0.4772
ISIC_7124273,0.4764
ISIC_7124408,0.4784
ISIC_7125485,0.4814
ISIC_7125703,0.4771
ISIC_7127760,0.4806
ISIC_7128674,0.5228
ISIC_7129085,0.4723
ISIC_7129509,0.4754
ISIC_7129666,0.5212
ISIC_7129740,0.4778
ISIC_7130929,0.5265
ISIC_7131973,0.4822
ISIC_7132832,0.4764
ISIC_7134821,0.4806
ISIC_7135201,0.4751
ISIC_7139616,0.4779
ISIC_7140812,0.4834
ISIC_7141965,0.4724
ISIC_7142063,0.4763
ISIC_7142856,0.4788
ISIC_7143388,0.4755
ISIC_7145788,0.4797
ISIC_7149484,0.4774
ISIC_7150966,0.5201
ISIC_7151508,0.4778
ISIC_7152347,0.4750
ISIC_7154037,0.4838
ISIC_7154675,0.5215
ISIC_7154730,0.4784
ISIC_7156715,0.4762
ISIC_7156796,0.5204
ISIC_7156843,0.4775
ISIC_7162711,0.5239
ISIC_7164705,0.4728
ISIC_7166317,0.4771
ISIC_7167085,0.4762
ISIC_7167473,0.4770
ISIC_7168301,0.4783
ISIC_7169788,0.5257
ISIC_7170391,0.4772
ISIC_7172893,0.5209
ISIC_7175899,0.5159
ISIC_7176034,0.4797
ISIC_7178222,0.4755
ISIC_7178818,0.4755
ISIC_7180096,0.5182
ISIC_7180332,0.5233
ISIC_7180943,0.5212
ISIC_7181396,0.5196
ISIC_7182677,0.4716
ISIC_7182702,0.4789
ISIC_7182917,0.4780
ISIC_7183212,0.5139
ISIC_7184722,0.4760
ISIC_7184836,0.4755
ISIC_7185157,0.4789
ISIC_7185381,0.5253
ISIC_7186677,0.4761
ISIC_7187713,0.4785
ISIC_7189351,0.4800
ISIC_7190624,0.4785
ISIC_7192157,0.4771
ISIC_7192331,0.5278
ISIC_7193173,0.4736
ISIC_7193375,0.4710
ISIC_7193807,0.4783
ISIC_7194695,0.5253
ISIC_7195168,0.5280
ISIC_7195659,0.4766
ISIC_7198492,0.4744
ISIC_7202071,0.4805
ISIC_7204331,0.5221
ISIC_7207715,0.4776
ISIC_7208412,0.4766
ISIC_7210119,0.4787
ISIC_7211424,0.4781
ISIC_7218530,0.4779
ISIC_7219262,0.4775
ISIC_7220538,0.4783
ISIC_7225024,0.4713
ISIC_7226235,0.4729
ISIC_7227223,0.4791
ISIC_7227599,0.4803
ISIC_7229261,0.5250
ISIC_7229513,0.4751
ISIC_7229814,0.4713
ISIC_7230300,0.4730
ISIC_7230304,0.4762
ISIC_7237010,0.4764
ISIC_7238139,0.4777
ISIC_7241455,0.4750
ISIC_7243256,0.4734
ISIC_7244604,0.4748
ISIC_7248566,0.4771
ISIC_7249761,0.5220
ISIC_7255891,0.4791
ISIC_7256179,0.4792
ISIC_7256560,0.4734
ISIC_7260365,0.4738
ISIC_7260703,0.4824
ISIC_7260977,0.4773
ISIC_7261681,0.4784
ISIC_7262685,0.4809
ISIC_7264203,0.5287
ISIC_7264231,0.5233
ISIC_7265673,0.5332
ISIC_7266462,0.4849
ISIC_7266571,0.4757
ISIC_7268052,0.5264
ISIC_7268804,0.4768
ISIC_7271745,0.4787
ISIC_7273853,0.4779
ISIC_7274397,0.4771
ISIC_7279060,0.5301
ISIC_7280886,0.4749
ISIC_7281014,0.4772
ISIC_7281598,0.4739
ISIC_7283084,0.4795
ISIC_7285753,0.4869
ISIC_7287540,0.4766
ISIC_7290085,0.4783
ISIC_7290233,0.4777
ISIC_7291021,0.4960
ISIC_7292533,0.4798
ISIC_7293518,0.4745
ISIC_7296130,0.4774
ISIC_7296583,0.4768
ISIC_7297078,0.4713
ISIC_7297759,0.4795
ISIC_7299859,0.4756
ISIC_7301963,0.4764
ISIC_7303298,0.4763
ISIC_7304480,0.4782
ISIC_7305051,0.4739
ISIC_7306131,0.4781
ISIC_7307418,0.4762
ISIC_7308572,0.5252
ISIC_7308784,0.5017
ISIC_7309600,0.4793
ISIC_7311296,0.5180
ISIC_7312781,0.4767
ISIC_7313348,0.4781
ISIC_7313442,0.4778
ISIC_7313564,0.4799
ISIC_7315641,0.5223
ISIC_7317429,0.5238
ISIC_7317646,0.4725
ISIC_7318464,0.4769
ISIC_7318810,0.4791
ISIC_7319691,0.4788
ISIC_7321062,0.4777
ISIC_7326704,0.4766
ISIC_7327087,0.4933
ISIC_7329395,0.4774
ISIC_7329684,0.5248
ISIC_7334758,0.5113
ISIC_7334875,0.5262
ISIC_7335095,0.4794
ISIC_7336383,0.4782
ISIC_7337194,0.4794
ISIC_7338843,0.4775
ISIC_7339138,0.4793
ISIC_7340112,0.4785
ISIC_7340247,0.4773
ISIC_7342741,0.5208
ISIC_7342840,0.4775
ISIC_7343355,0.4779
ISIC_7343798,0.4781
ISIC_7344356,0.5322
ISIC_7349615,0.4788
ISIC_7349772,0.5230
ISIC_7353024,0.4773
ISIC_7353097,0.4773
ISIC_7354035,0.5264
ISIC_7354733,0.5141
ISIC_7355653,0.4764
ISIC_7356589,0.4787
ISIC_7358415,0.5026
ISIC_7358848,0.5224
ISIC_7363304,0.4786
ISIC_7364280,0.4786
ISIC_7364411,0.4728
ISIC_7365445,0.4765
ISIC_7365615,0.5285
ISIC_7368544,0.4784
ISIC_7370624,0.4778
ISIC_7371801,0.5162
ISIC_7371985,0.4774
ISIC_7373360,0.5257
ISIC_7376268,0.5171
ISIC_7376872,0.4739
ISIC_7380364,0.4784
ISIC_7381172,0.5202
ISIC_7382594,0.4714
ISIC_7383585,0.5218
ISIC_7385112,0.4754
ISIC_7388325,0.4764
ISIC_7389276,0.4771
ISIC_7392410,0.4802
ISIC_7392931,0.4713
ISIC_7393225,0.4804
ISIC_7394756,0.4790
ISIC_7399970,0.4893
ISIC_7399973,0.4784
ISIC_7400458,0.4733
ISIC_7400588,0.4959
ISIC_7402087,0.4776
ISIC_7403276,0.4780
ISIC_7403913,0.4770
ISIC_7409295,0.5241
ISIC_7411244,0.4814
ISIC_7413098,0.4815
ISIC_7414145,0.4802
ISIC_7416702,0.4769
ISIC_7416797,0.4737
ISIC_7418441,0.5174
ISIC_7418635,0.4792
ISIC_7418664,0.5259
ISIC_7418720,0.5225
ISIC_7422781,0.5213
ISIC_7423852,0.5128
ISIC_7424079,0.4782
ISIC_7424382,0.4741
ISIC_7424792,0.4780
ISIC_7426927,0.4734
ISIC_7431480,0.4762
ISIC_7432725,0.4760
ISIC_7436851,0.5144
ISIC_7437293,0.5279
ISIC_7438349,0.4797
ISIC_7438675,0.4781
ISIC_7440724,0.4799
ISIC_7441957,0.5262
ISIC_7442106,0.4766
ISIC_7442476,0.4788
ISIC_7443029,0.4783
ISIC_7444521,0.4761
ISIC_7445800,0.4778
ISIC_7448231,0.4778
ISIC_7452767,0.4747
ISIC_7455460,0.4738
ISIC_7456891,0.4758
ISIC_7457536,0.4786
ISIC_7458272,0.4792
ISIC_7460560,0.4778
ISIC_7461631,0.4751
ISIC_7462334,0.4760
ISIC_7462981,0.4776
ISIC_7463963,0.4754
ISIC_7464965,0.5287
ISIC_7465209,0.4840
ISIC_7465237,0.4770
ISIC_7465470,0.5218
ISIC_7468716,0.4770
ISIC_7472836,0.4791
ISIC_7474655,0.4736
ISIC_7477835,0.4791
ISIC_7478024,0.4751
ISIC_7478378,0.5204
ISIC_7478859,0.4797
ISIC_7481615,0.4773
ISIC_7484272,0.4787
ISIC_7484618,0.4787
ISIC_7489895,0.4748
ISIC_7492046,0.4754
ISIC_7492471,0.5105
ISIC_7495148,0.5112
ISIC_7495371,0.4779
ISIC_7496898,0.4741
ISIC_7500338,0.4783
ISIC_7500665,0.4746
ISIC_7501268,0.4787
ISIC_7501928,0.4767
ISIC_7502551,0.4754
ISIC_7503521,0.4721
ISIC_7505557,0.5252
ISIC_7505633,0.4743
ISIC_7507286,0.4775
ISIC_7508320,0.4765
ISIC_7508382,0.4823
ISIC_7509284,0.4757
ISIC_7509837,0.4740
ISIC_7510482,0.4765
ISIC_7511365,0.4786
ISIC_7512268,0.4782
ISIC_7514390,0.4754
ISIC_7514840,0.4780
ISIC_7514880,0.5245
ISIC_7514918,0.4736
ISIC_7518447,0.4803
ISIC_7518524,0.4753
ISIC_7519557,0.4781
ISIC_7519806,0.4800
ISIC_7521537,0.4753
ISIC_7522199,0.5260
ISIC_7524426,0.4786
ISIC_7526857,0.4780
ISIC_7527413,0.4756
ISIC_7527782,0.4755
ISIC_7530414,0.5242
ISIC_7531633,0.4811
ISIC_7532096,0.4774
ISIC_7532154,0.4710
ISIC_7535412,0.4785
ISIC_7536704,0.4808
ISIC_7537233,0.4765
ISIC_7542408,0.5170
ISIC_7542873,0.4747
ISIC_7543874,0.4853
ISIC_7547714,0.4849
ISIC_7549766,0.4738
ISIC_7551447,0.4783
ISIC_7555232,0.4778
ISIC_7555662,0.4777
ISIC_7559435,0.5197
ISIC_7560157,0.5286
ISIC_7561635,0.4783
ISIC_7563371,0.4780
ISIC_7563949,0.4801
ISIC_7564040,0.4769
ISIC_7564545,0.4760
ISIC_7567861,0.4840
ISIC_7570120,0.5237
ISIC_7571140,0.5218
ISIC_7571230,0.4782
ISIC_7571402,0.4738
ISIC_7575246,0.4758
ISIC_7575857,0.4756
ISIC_7578212,0.4788
ISIC_7579536,0.4778
ISIC_7580756,0.4920
ISIC_7582764,0.4788
ISIC_7582765,0.4794
ISIC_7583134,0.4760
ISIC_7583922,0.4786
ISIC_7584884,0.5179
ISIC_7584991,0.4766
ISIC_7585436,0.4757
ISIC_7586378,0.5200
ISIC_7590008,0.4786
ISIC_7592174,0.4780
ISIC_7594124,0.4772
ISIC_7594350,0.4790
ISIC_7595416,0.4731
ISIC_7599444,0.4780
ISIC_7600348,0.4785
ISIC_7602656,0.4728
ISIC_7603320,0.4781
ISIC_7604839,0.4790
ISIC_7604870,0.4765
ISIC_7605678,0.4754
ISIC_7607166,0.4729
ISIC_7607335,0.4778
ISIC_7609592,0.4760
ISIC_7619041,0.4739
ISIC_7620347,0.4720
ISIC_7621899,0.5201
ISIC_7622520,0.4779
ISIC_7624985,0.4780
ISIC_7628257,0.4760
ISIC_7629640,0.4785
ISIC_7630073,0.4782
ISIC_7634379,0.5208
ISIC_7634648,0.4749
ISIC_7638227,0.4785
ISIC_7638633,0.4766
ISIC_7645190,0.4756
ISIC_7646953,0.5248
ISIC_7647201,0.5327
ISIC_7648111,0.4779
ISIC_7649074,0.4788
ISIC_7649708,0.4790
ISIC_7652615,0.4781
ISIC_7654211,0.4782
ISIC_7654580,0.5242
ISIC_7655189,0.5119
ISIC_7656240,0.4782
ISIC_7656935,0.4762
ISIC_7657155,0.4771
ISIC_7658268,0.4748
ISIC_7661236,0.5090
ISIC_7663344,0.4770
ISIC_7667790,0.4822
ISIC_7670817,0.4786
ISIC_7680659,0.4781
ISIC_7681490,0.4783
ISIC_7683965,0.5241
ISIC_7685853,0.4781
ISIC_7687686,0.4771
ISIC_7688025,0.5227
ISIC_7694028,0.4739
ISIC_7696542,0.4755
ISIC_7697022,0.4786
ISIC_7697623,0.4779
ISIC_7698844,0.4787
ISIC_7699756,0.5185
ISIC_7701135,0.4771
ISIC_7702225,0.4770
ISIC_7702483,0.4798
ISIC_7703614,0.4796
ISIC_7703655,0.4770
ISIC_7703883,0.4739
ISIC_7704900,0.5067
ISIC_7705928,0.5221
ISIC_7706215,0.5231
ISIC_7707513,0.4787
ISIC_7710816,0.4801
ISIC_7713545,0.4780
ISIC_7715315,0.4782
ISIC_7716976,0.4799
ISIC_7717501,0.4770
ISIC_7717731,0.4743
ISIC_7717897,0.4762
ISIC_7718611,0.4773
ISIC_7720378,0.4763
ISIC_7722716,0.5241
ISIC_7723074,0.5199
ISIC_7723527,0.4785
ISIC_7725471,0.4745
ISIC_7725628,0.4779
ISIC_7725651,0.5263
ISIC_7725971,0.4772
ISIC_7726675,0.4767
ISIC_7727347,0.4937
ISIC_7727974,0.4813
ISIC_7730443,0.5246
ISIC_7733258,0.4778
ISIC_7738065,0.4744
ISIC_7738923,0.5226
ISIC_7738955,0.4746
ISIC_7739486,0.4745
ISIC_7740023,0.5214
ISIC_7741487,0.4767
ISIC_7741524,0.5214
ISIC_7741786,0.4752
ISIC_7743266,0.4782
ISIC_7744262,0.4758
ISIC_7748899,0.4763
ISIC_7749589,0.5203
ISIC_7750671,0.4775
ISIC_7751233,0.4732
ISIC_7753076,0.4774
ISIC_7754938,0.4763
ISIC_7755444,0.5165
ISIC_7755481,0.5176
ISIC_7758520,0.4768
ISIC_7759913,0.4774
ISIC_7759924,0.4767
ISIC_7760219,0.4760
ISIC_7761884,0.4737
ISIC_7763701,0.4773
ISIC_7763831,0.4790
ISIC_7764074,0.5007
ISIC_7764144,0.5208
ISIC_7764987,0.4786
ISIC_7767248,0.4764
ISIC_7767423,0.4734
ISIC_7768782,0.5307
ISIC_7769827,0.4983
ISIC_7770394,0.4742
ISIC_7773858,0.4778
ISIC_7779225,0.4786
ISIC_7781213,0.4742
ISIC_7782274,0.5220
ISIC_7782502,0.4774
ISIC_7784703,0.4772
ISIC_7785457,0.5231
ISIC_7785723,0.5221
ISIC_7788318,0.5225
ISIC_7790400,0.4788
ISIC_7791478,0.4771
ISIC_7791770,0.4765
ISIC_7792073,0.4726
ISIC_7795549,0.4790
ISIC_7799692,0.4782
ISIC_7799968,0.4797
ISIC_7800706,0.4790
ISIC_7803163,0.4766
ISIC_7803426,0.5254
ISIC_7805559,0.5279
ISIC_7805607,0.4757
ISIC_7805885,0.5220
ISIC_7806065,0.4743
ISIC_7806765,0.4772
ISIC_7811060,0.4781
ISIC_7816273,0.5289
ISIC_7816282,0.4785
ISIC_7817524,0.5233
ISIC_7820005,0.4765
ISIC_7821579,0.5244
ISIC_7822725,0.4741
ISIC_7823773,0.5148
ISIC_7827067,0.4726
ISIC_7828320,0.5091
ISIC_7829947,0.4744
ISIC_7832863,0.4794
ISIC_7835537,0.4772
ISIC_7837503,0.4785
ISIC_7838524,0.4777
ISIC_7840165,0.4753
ISIC_7841317,0.4732
ISIC_7843406,0.5210
ISIC_7844482,0.4772
ISIC_7844761,0.5226
ISIC_7845702,0.4867
ISIC_7847981,0.4779
ISIC_7850058,0.4788
ISIC_7850786,0.4809
ISIC_7850805,0.4782
ISIC_7852008,0.4811
ISIC_7852801,0.4804
ISIC_7852890,0.4789
ISIC_7853136,0.4781
ISIC_7853799,0.5121
ISIC_7855286,0.5294
ISIC_7857144,0.4770
ISIC_7861718,0.4789
ISIC_7861914,0.4733
ISIC_7863564,0.5038
ISIC_7865245,0.4785
ISIC_7866682,0.4812
ISIC_7867320,0.5248
ISIC_7867422,0.4775
ISIC_7869255,0.4765
ISIC_7871610,0.4785
ISIC_7872595,0.5257
ISIC_7874576,0.4744
ISIC_7875959,0.5193
ISIC_7880793,0.4773
ISIC_7881514,0.4735
ISIC_7882022,0.4728
ISIC_7882053,0.4791
ISIC_7887321,0.4786
ISIC_7890383,0.5254
ISIC_7892362,0.4790
ISIC_7893482,0.4737
ISIC_7894719,0.4722
ISIC_7894744,0.4800
ISIC_7896286,0.4952
ISIC_7900295,0.4787
ISIC_7901662,0.5294
ISIC_7901786,0.4746
ISIC_7903561,0.4744
ISIC_7904250,0.4986
ISIC_7904365,0.4787
ISIC_7906421,0.5226
ISIC_7906462,0.5243
ISIC_7907665,0.4754
ISIC_7907808,0.5321
ISIC_7908106,0.5057
ISIC_7914181,0.5234
ISIC_7914875,0.4764
ISIC_7915094,0.4789
ISIC_7915366,0.4775
ISIC_7915595,0.5239
ISIC_7916182,0.4782
ISIC_7916211,0.4755
ISIC_7918476,0.5137
ISIC_7918717,0.4792
ISIC_7920705,0.4765
ISIC_7921023,0.5197
ISIC_7923816,0.4788
ISIC_7923912,0.5292
ISIC_7926874,0.4771
ISIC_7927595,0.4745
ISIC_7928614,0.4790
ISIC_7929526,0.5177
ISIC_7929649,0.4711
ISIC_7932566,0.4775
ISIC_7933774,0.5057
ISIC_7933945,0.4748
ISIC_7934896,0.4744
ISIC_7935528,0.4776
ISIC_7935989,0.4778
ISIC_7936798,0.4773
ISIC_7938148,0.4790
ISIC_7938688,0.4780
ISIC_7939816,0.5257
ISIC_7945367,0.5208
ISIC_7945791,0.5181
ISIC_7947504,0.4810
ISIC_7948594,0.5043
ISIC_7948728,0.4774
ISIC_7948999,0.5259
ISIC_7951186,0.4774
ISIC_7951378,0.4736
ISIC_7952863,0.4780
ISIC_7959103,0.5226
ISIC_7959669,0.4802
ISIC_7960321,0.5238
ISIC_7960953,0.5116
ISIC_7961365,0.4772
ISIC_7961568,0.4717
ISIC_7963326,0.4781
ISIC_7964819,0.4777
ISIC_7966121,0.4800
ISIC_7966605,0.4776
ISIC_7966716,0.4777
ISIC_7967586,0.4770
ISIC_7969673,0.4780
ISIC_7973601,0.4783
ISIC_7974945,0.4782
ISIC_7975678,0.4749
ISIC_7977538,0.4801
ISIC_7977757,0.4797
ISIC_7978038,0.4776
ISIC_7979206,0.4793
ISIC_7980387,0.4759
ISIC_7980532,0.4779
ISIC_7981097,0.4778
ISIC_7982468,0.4785
ISIC_7983259,0.5243
ISIC_7984080,0.4773
ISIC_7984628,0.5230
ISIC_7987416,0.5219
ISIC_7988204,0.4741
ISIC_7988726,0.4743
ISIC_7990899,0.4770
ISIC_7991946,0.4755
ISIC_7992649,0.4780
ISIC_7999682,0.5226
ISIC_8000617,0.4797
ISIC_8001276,0.4803
ISIC_8003687,0.4747
ISIC_8005770,0.4750
ISIC_8006094,0.4773
ISIC_8007828,0.4788
ISIC_8008177,0.4744
ISIC_8008356,0.5252
ISIC_8008932,0.5204
ISIC_8009536,0.5255
ISIC_8009623,0.4735
ISIC_8010862,0.5270
ISIC_8011403,0.5116
ISIC_8012279,0.4777
ISIC_8014747,0.4767
ISIC_8015441,0.4808
ISIC_8015541,0.4780
ISIC_8015990,0.4790
ISIC_8018856,0.4763
ISIC_8019303,0.4774
ISIC_8022913,0.5199
ISIC_8023338,0.5276
ISIC_8023823,0.4774
ISIC_8024647,0.4771
ISIC_8025644,0.4759
ISIC_8026249,0.5175
ISIC_8027899,0.5216
ISIC_8029653,0.4783
ISIC_8030063,0.5252
ISIC_8031554,0.4755
ISIC_8033618,0.4788
ISIC_8036544,0.4735
ISIC_8038181,0.4766
ISIC_8040710,0.4802
ISIC_8042423,0.4724
ISIC_8042777,0.4760
ISIC_8043887,0.4764
ISIC_8045383,0.4757
ISIC_8048668,0.4742
ISIC_8049738,0.5219
ISIC_8051015,0.4786
ISIC_8051628,0.4765
ISIC_8053586,0.5251
ISIC_8055207,0.5141
ISIC_8055250,0.4787
ISIC_8055337,0.4767
ISIC_8055525,0.4716
ISIC_8059246,0.4752
ISIC_8061791,0.4784
ISIC_8065538,0.4781
ISIC_8066660,0.4998
ISIC_8066993,0.4775
ISIC_8068155,0.4786
ISIC_8069110,0.4799
ISIC_8069416,0.5269
ISIC_8069528,0.4727
ISIC_8070064,0.5090
ISIC_8070555,0.5017
ISIC_8075868,0.4787
ISIC_8077342,0.4783
ISIC_8078202,0.4758
ISIC_8078589,0.5216
ISIC_8081676,0.4784
ISIC_8082920,0.4871
ISIC_8085925,0.4766
ISIC_8086499,0.5278
ISIC_8087743,0.5146
ISIC_8089369,0.4782
ISIC_8092647,0.4778
ISIC_8092875,0.4775
ISIC_8095966,0.4781
ISIC_8096536,0.5239
ISIC_8096907,0.4781
ISIC_8098274,0.5248
ISIC_8099453,0.4837
ISIC_8102676,0.4776
ISIC_8105845,0.4779
ISIC_8108046,0.5254
ISIC_8108340,0.4822
ISIC_8108596,0.4796
ISIC_8109052,0.4799
ISIC_8109433,0.4787
ISIC_8113025,0.4791
ISIC_8116581,0.4766
ISIC_8118124,0.4757
ISIC_8118312,0.4785
ISIC_8118367,0.4772
ISIC_8119105,0.4752
ISIC_8119644,0.4758
ISIC_8121679,0.5231
ISIC_8125684,0.4788
ISIC_8127275,0.4801
ISIC_8127394,0.5237
ISIC_8128927,0.4772
ISIC_8130862,0.4783
ISIC_8132196,0.4773
ISIC_8132777,0.4796
ISIC_8133871,0.4787
ISIC_8136027,0.4754
ISIC_8137345,0.4754
ISIC_8138302,0.4785
ISIC_8139073,0.4778
ISIC_8140752,0.4764
ISIC_8140978,0.5331
ISIC_8141348,0.4779
ISIC_8142027,0.5173
ISIC_8142203,0.5254
ISIC_8142469,0.4787
ISIC_8146801,0.5247
ISIC_8148300,0.4789
ISIC_8150108,0.4775
ISIC_8150300,0.4753
ISIC_8150915,0.5264
ISIC_8151772,0.4788
ISIC_8151991,0.5275
ISIC_8152273,0.4781
ISIC_8153195,0.4778
ISIC_8153400,0.4763
ISIC_8154358,0.4797
ISIC_8156142,0.4750
ISIC_8157405,0.5049
ISIC_8157843,0.5272
ISIC_8158081,0.4779
ISIC_8158785,0.4806
ISIC_8159779,0.4768
ISIC_8163269,0.4787
ISIC_8166819,0.5237
ISIC_8167374,0.5241
ISIC_8172411,0.5277
ISIC_8174981,0.4779
ISIC_8177391,0.4757
ISIC_8178160,0.4793
ISIC_8178689,0.4742
ISIC_8179839,0.4835
ISIC_8180062,0.4776
ISIC_8182123,0.4777
ISIC_8182709,0.4790
ISIC_8183419,0.4781
ISIC_8185167,0.4740
ISIC_8188597,0.5233
ISIC_8189863,0.4766
ISIC_8190321,0.5244
ISIC_8190603,0.4884
ISIC_8191639,0.4785
ISIC_8191696,0.4776
ISIC_8192501,0.5343
ISIC_8192635,0.4785
ISIC_8194371,0.4774
ISIC_8195729,0.4767
ISIC_8197314,0.4764
ISIC_8199327,0.5251
ISIC_8199947,0.4716
ISIC_8202586,0.4733
ISIC_8202626,0.5281
ISIC_8204142,0.4769
ISIC_8209221,0.4823
ISIC_8209553,0.4787
ISIC_8209611,0.4778
ISIC_8211993,0.4794
ISIC_8212986,0.4784
ISIC_8213912,0.4782
ISIC_8214010,0.5179
ISIC_8216135,0.4807
ISIC_8218058,0.5210
ISIC_8219342,0.5225
ISIC_8220700,0.4780
ISIC_8222134,0.4789
ISIC_8222678,0.5263
ISIC_8223110,0.5259
ISIC_8223466,0.4774
ISIC_8225843,0.5194
ISIC_8227428,0.4797
ISIC_8227913,0.4745
ISIC_8228433,0.4737
ISIC_8230318,0.5256
ISIC_8235663,0.5306
ISIC_8235969,0.4764
ISIC_8236190,0.4799
ISIC_8236943,0.5031
ISIC_8240867,0.4781
ISIC_8241171,0.4755
ISIC_8243832,0.4756
ISIC_8243893,0.5114
ISIC_8248092,0.5315
ISIC_8248941,0.4785
ISIC_8249854,0.5294
ISIC_8250729,0.4775
ISIC_8251037,0.4735
ISIC_8251128,0.4788
ISIC_8252886,0.4774
ISIC_8253317,0.4716
ISIC_8253422,0.5021
ISIC_8255942,0.4772
ISIC_8258907,0.4741
ISIC_8260280,0.4707
ISIC_8262345,0.4776
ISIC_8265045,0.4799
ISIC_8265105,0.4910
ISIC_8266094,0.4780
ISIC_8270072,0.4754
ISIC_8270254,0.4793
ISIC_8272627,0.4746
ISIC_8276527,0.4772
ISIC_8278996,0.4776
ISIC_8280272,0.5254
ISIC_8282952,0.4780
ISIC_8282954,0.4793
ISIC_8283033,0.5263
ISIC_8284051,0.5258
ISIC_8286826,0.4793
ISIC_8286893,0.4762
ISIC_8291021,0.4799
ISIC_8291368,0.4769
ISIC_8292122,0.4774
ISIC_8292279,0.4776
ISIC_8292364,0.4765
ISIC_8292525,0.4806
ISIC_8295834,0.4754
ISIC_8296246,0.4790
ISIC_8297663,0.4767
ISIC_8299533,0.4771
ISIC_8299820,0.4769
ISIC_8300152,0.5215
ISIC_8301016,0.4876
ISIC_8301044,0.4831
ISIC_8304632,0.4784
ISIC_8305573,0.4782
ISIC_8307974,0.4724
ISIC_8310501,0.5001
ISIC_8310572,0.4780
ISIC_8314353,0.4776
ISIC_8314759,0.4797
ISIC_8316416,0.5252
ISIC_8317513,0.4782
ISIC_8317558,0.4732
ISIC_8319058,0.4795
ISIC_8323829,0.4783
ISIC_8323997,0.4782
ISIC_8324205,0.4800
ISIC_8324681,0.4791
ISIC_8325107,0.4782
ISIC_8325198,0.4757
ISIC_8325226,0.5285
ISIC_8327455,0.5251
ISIC_8327485,0.4752
ISIC_8327842,0.5185
ISIC_8327884,0.4716
ISIC_8329292,0.5039
ISIC_8333592,0.4779
ISIC_8334115,0.4781
ISIC_8334249,0.4756
ISIC_8336956,0.5007
ISIC_8337767,0.4782
ISIC_8338775,0.4722
ISIC_8338980,0.4798
ISIC_8339320,0.4798
ISIC_8340426,0.5228
ISIC_8341947,0.4787
ISIC_8343285,0.4771
ISIC_8345565,0.4782
ISIC_8347165,0.4779
ISIC_8348457,0.4736
ISIC_8352392,0.4777
ISIC_8352418,0.4772
ISIC_8354042,0.4734
ISIC_8354409,0.5224
ISIC_8356805,0.5236
ISIC_8357442,0.4772
ISIC_8360023,0.5291
ISIC_8362460,0.5273
ISIC_8366005,0.4769
ISIC_8368870,0.4745
ISIC_8369388,0.4789
ISIC_8369671,0.4756
ISIC_8370610,0.4784
ISIC_8374895,0.4764
ISIC_8375123,0.4766
ISIC_8375331,0.4808
ISIC_8376677,0.4724
ISIC_8377218,0.4799
ISIC_8377931,0.4759
ISIC_8378029,0.4791
ISIC_8378321,0.4785
ISIC_8378634,0.4941
ISIC_8378790,0.4781
ISIC_8379890,0.4751
ISIC_8379956,0.5278
ISIC_8380039,0.5245
ISIC_8380527,0.5027
ISIC_8380904,0.4788
ISIC_8381673,0.4765
ISIC_8386175,0.4780
ISIC_8390111,0.5298
ISIC_8390629,0.4774
ISIC_8391622,0.4772
ISIC_8392761,0.4795
ISIC_8395902,0.4790
ISIC_8397011,0.4729
ISIC_8397275,0.4766
ISIC_8397278,0.4785
ISIC_8397746,0.4782
ISIC_8401104,0.4771
ISIC_8406777,0.4769
ISIC_8407448,0.4777
ISIC_8409475,0.4727
ISIC_8410793,0.4762
ISIC_8411477,0.5244
ISIC_8413496,0.4756
ISIC_8413593,0.4777
ISIC_8414396,0.4746
ISIC_8416704,0.4770
ISIC_8417655,0.4782
ISIC_8417873,0.5249
ISIC_8418303,0.4792
ISIC_8418506,0.5016
ISIC_8418610,0.4970
ISIC_8419036,0.4923
ISIC_8422213,0.4795
ISIC_8423248,0.4770
ISIC_8428997,0.4785
ISIC_8430286,0.5037
ISIC_8430749,0.4774
ISIC_8433608,0.4768
ISIC_8436590,0.4723
ISIC_8436666,0.4763
ISIC_8437480,0.4782
ISIC_8437493,0.5268
ISIC_8438071,0.5196
ISIC_8438811,0.4758
ISIC_8441293,0.4752
ISIC_8444975,0.4760
ISIC_8447658,0.4770
ISIC_8448082,0.4761
ISIC_8448473,0.4779
ISIC_8449514,0.5266
ISIC_8449660,0.4776
ISIC_8451130,0.5249
ISIC_8452205,0.4774
ISIC_8454214,0.4782
ISIC_8454818,0.4771
ISIC_8456171,0.5205
ISIC_8456275,0.4777
ISIC_8456989,0.5232
ISIC_8458440,0.4769
ISIC_8458669,0.4775
ISIC_8459932,0.4774
ISIC_8460669,0.5249
ISIC_8462364,0.5043
ISIC_8463871,0.4788
ISIC_8465531,0.4748
ISIC_8467955,0.4788
ISIC_8468037,0.4723
ISIC_8468778,0.4781
ISIC_8469355,0.4781
ISIC_8470235,0.4790
ISIC_8472701,0.5030
ISIC_8473985,0.5254
ISIC_8474432,0.5158
ISIC_8474660,0.4911
ISIC_8475734,0.4772
ISIC_8476586,0.4783
ISIC_8478591,0.4785
ISIC_8479217,0.5213
ISIC_8479278,0.5161
ISIC_8479844,0.4797
ISIC_8479913,0.4754
ISIC_8485142,0.4765
ISIC_8485199,0.5274
ISIC_8488336,0.5261
ISIC_8491294,0.5212
ISIC_8492638,0.4803
ISIC_8492957,0.4724
ISIC_8493313,0.4812
ISIC_8494027,0.5263
ISIC_8496078,0.4765
ISIC_8497002,0.4785
ISIC_8501248,0.5267
ISIC_8502869,0.4725
ISIC_8504808,0.4817
ISIC_8505378,0.5246
ISIC_8506622,0.4771
ISIC_8507519,0.4792
ISIC_8507809,0.4773
ISIC_8508113,0.4772
ISIC_8509562,0.4739
ISIC_8510741,0.4728
ISIC_8511557,0.4766
ISIC_8512716,0.4766
ISIC_8515281,0.4766
ISIC_8523423,0.4763
ISIC_8524137,0.4761
ISIC_8524333,0.5324
ISIC_8526982,0.5265
ISIC_8530596,0.4766
ISIC_8531942,0.4763
ISIC_8536167,0.4779
ISIC_8536563,0.4783
ISIC_8539883,0.4788
ISIC_8540111,0.4723
ISIC_8546213,0.4763
ISIC_8549526,0.4770
ISIC_8551262,0.4721
ISIC_8551284,0.4916
ISIC_8551617,0.4858
ISIC_8554535,0.4788
ISIC_8555379,0.5292
ISIC_8555527,0.4788
ISIC_8555610,0.4757
ISIC_8556519,0.4736
ISIC_8556629,0.5200
ISIC_8557006,0.4783
ISIC_8558194,0.4765
ISIC_8562161,0.4765
ISIC_8562820,0.4796
ISIC_8564474,0.4743
ISIC_8567442,0.4773
ISIC_8570555,0.4786
ISIC_8571168,0.4779
ISIC_8574064,0.4758
ISIC_8574269,0.4767
ISIC_8577010,0.4785
ISIC_8577200,0.4788
ISIC_8577332,0.4767
ISIC_8577970,0.4757
ISIC_8578732,0.4707
ISIC_8579575,0.4737
ISIC_8580692,0.4780
ISIC_8583462,0.4781
ISIC_8584239,0.4763
ISIC_8584748,0.5281
ISIC_8586909,0.4784
ISIC_8588784,0.5226
ISIC_8589165,0.4740
ISIC_8592360,0.5102
ISIC_8593029,0.4787
ISIC_8593130,0.5262
ISIC_8595896,0.5221
ISIC_8596980,0.5265
ISIC_8598545,0.4786
ISIC_8598593,0.5232
ISIC_8599384,0.4783
ISIC_8600809,0.5219
ISIC_8602467,0.5233
ISIC_8603734,0.4729
ISIC_8606094,0.4764
ISIC_8607298,0.5278
ISIC_8608270,0.4792
ISIC_8612888,0.4748
ISIC_8614359,0.4772
ISIC_8617084,0.4777
ISIC_8617532,0.4743
ISIC_8621568,0.4771
ISIC_8622941,0.4777
ISIC_8623233,0.4765
ISIC_8627293,0.4791
ISIC_8629084,0.4783
ISIC_8629649,0.4787
ISIC_8634670,0.4770
ISIC_8635849,0.4793
ISIC_8635889,0.4780
ISIC_8635903,0.4757
ISIC_8637134,0.4786
ISIC_8637407,0.4768
ISIC_8642670,0.4794
ISIC_8646115,0.4780
ISIC_8648090,0.4770
ISIC_8649964,0.4773
ISIC_8651476,0.4735
ISIC_8651541,0.5288
ISIC_8651863,0.4768
ISIC_8654113,0.4780
ISIC_8654660,0.5243
ISIC_8657132,0.4746
ISIC_8657895,0.5331
ISIC_8658037,0.5196
ISIC_8659007,0.5245
ISIC_8659461,0.4775
ISIC_8659618,0.4789
ISIC_8660830,0.4780
ISIC_8666405,0.5264
ISIC_8666446,0.4741
ISIC_8667588,0.4792
ISIC_8667793,0.4820
ISIC_8668448,0.4778
ISIC_8668954,0.4742
ISIC_8669004,0.4724
ISIC_8669067,0.5318
ISIC_8676418,0.4776
ISIC_8677053,0.5248
ISIC_8678163,0.4776
ISIC_8679740,0.5240
ISIC_8681838,0.4776
ISIC_8681917,0.5284
ISIC_8684147,0.5132
ISIC_8686097,0.4803
ISIC_8686847,0.4738
ISIC_8689112,0.4777
ISIC_8689144,0.4768
ISIC_8691327,0.4887
ISIC_8692218,0.5259
ISIC_8694888,0.4728
ISIC_8696075,0.4776
ISIC_8696503,0.4764
ISIC_8699796,0.4796
ISIC_8699846,0.4760
ISIC_8700403,0.5241
ISIC_8703169,0.4769
ISIC_8704257,0.5252
ISIC_8705729,0.5158
ISIC_8709649,0.5249
ISIC_8710040,0.5252
ISIC_8710457,0.4784
ISIC_8711983,0.4779
ISIC_8712401,0.4732
ISIC_8712998,0.4760
ISIC_8715332,0.4785
ISIC_8716192,0.4979
ISIC_8716533,0.4741
ISIC_8719134,0.4766
ISIC_8719883,0.4772
ISIC_8722181,0.4779
ISIC_8723773,0.4786
ISIC_8724944,0.5238
ISIC_8725878,0.4880
ISIC_8734128,0.5140
ISIC_8736590,0.4744
ISIC_8737794,0.5286
ISIC_8739046,0.4786
ISIC_8740331,0.4781
ISIC_8741881,0.4774
ISIC_8742034,0.4735
ISIC_8742407,0.4755
ISIC_8745884,0.4733
ISIC_8746871,0.5216
ISIC_8747441,0.4747
ISIC_8749666,0.5195
ISIC_8749680,0.4775
ISIC_8751661,0.4782
ISIC_8757204,0.4747
ISIC_8758801,0.4722
ISIC_8759726,0.4724
ISIC_8760731,0.4783
ISIC_8764927,0.5261
ISIC_8770401,0.4736
ISIC_8772177,0.4766
ISIC_8775674,0.4739
ISIC_8776630,0.4795
ISIC_8776646,0.4777
ISIC_8777813,0.4730
ISIC_8778158,0.5169
ISIC_8780369,0.5256
ISIC_8781451,0.4800
ISIC_8783667,0.4789
ISIC_8790201,0.4767
ISIC_8792040,0.4782
ISIC_8794221,0.4799
ISIC_8795740,0.4780
ISIC_8796654,0.4773
ISIC_8802544,0.4724
ISIC_8803600,0.5265
ISIC_8804009,0.5135
ISIC_8806180,0.4788
ISIC_8812781,0.4753
ISIC_8813306,0.4720
ISIC_8814612,0.4808
ISIC_8816494,0.4751
ISIC_8816871,0.4753
ISIC_8819519,0.4777
ISIC_8820586,0.4756
ISIC_8820668,0.4778
ISIC_8821279,0.4776
ISIC_8821700,0.4782
ISIC_8822016,0.4786
ISIC_8822826,0.4905
ISIC_8825407,0.4779
ISIC_8825731,0.4717
ISIC_8827177,0.4786
ISIC_8828327,0.4726
ISIC_8828770,0.4749
ISIC_8829317,0.4763
ISIC_8831631,0.4818
ISIC_8832449,0.4809
ISIC_8832556,0.5201
ISIC_8833352,0.4745
ISIC_8834039,0.4862
ISIC_8835154,0.5225
ISIC_8838213,0.4784
ISIC_8841824,0.4786
ISIC_8842646,0.5285
ISIC_8843217,0.4811
ISIC_8843592,0.4755
ISIC_8843899,0.4768
ISIC_8843949,0.4772
ISIC_8844725,0.4788
ISIC_8845339,0.4792
ISIC_8847503,0.5316
ISIC_8847638,0.4734
ISIC_8849117,0.4780
ISIC_8849458,0.4784
ISIC_8850826,0.5223
ISIC_8851961,0.4775
ISIC_8856727,0.4778
ISIC_8856781,0.5245
ISIC_8859475,0.5287
ISIC_8860429,0.4716
ISIC_8862118,0.5267
ISIC_8862455,0.4780
ISIC_8862701,0.5336
ISIC_8862967,0.5226
ISIC_8867565,0.4766
ISIC_8868666,0.5225
ISIC_8869454,0.5298
ISIC_8871092,0.5308
ISIC_8872678,0.4782
ISIC_8873943,0.5305
ISIC_8875257,0.4785
ISIC_8876766,0.4753
ISIC_8878031,0.4775
ISIC_8879126,0.4782
ISIC_8886415,0.4760
ISIC_8887170,0.4723
ISIC_8888281,0.4803
ISIC_8889856,0.4791
ISIC_8890214,0.4777
ISIC_8891234,0.4715
ISIC_8892236,0.5228
ISIC_8893724,0.5137
ISIC_8893962,0.4757
ISIC_8896223,0.4780
ISIC_8898552,0.4709
ISIC_8898680,0.4767
ISIC_8899352,0.4791
ISIC_8899653,0.5100
ISIC_8901419,0.5231
ISIC_8901784,0.5180
ISIC_8902976,0.4814
ISIC_8905157,0.5225
ISIC_8909545,0.4793
ISIC_8909575,0.5167
ISIC_8909957,0.4781
ISIC_8910091,0.4746
ISIC_8910653,0.4717
ISIC_8911683,0.4789
ISIC_8913150,0.4778
ISIC_8917078,0.4716
ISIC_8923393,0.4772
ISIC_8924292,0.4774
ISIC_8924426,0.5263
ISIC_8926892,0.5248
ISIC_8926980,0.5239
ISIC_8927825,0.5294
ISIC_8928041,0.4787
ISIC_8929288,0.4791
ISIC_8932628,0.4784
ISIC_8934691,0.4977
ISIC_8935256,0.5234
ISIC_8935984,0.4757
ISIC_8936977,0.4734
ISIC_8937006,0.4720
ISIC_8937710,0.4755
ISIC_8938282,0.5243
ISIC_8938570,0.4767
ISIC_8938776,0.4795
ISIC_8940418,0.4780
ISIC_8942704,0.5237
ISIC_8945314,0.4764
ISIC_8945395,0.4766
ISIC_8946596,0.5242
ISIC_8949026,0.4763
ISIC_8951449,0.4775
ISIC_8954656,0.4767
ISIC_8956001,0.4786
ISIC_8956287,0.4720
ISIC_8956614,0.5316
ISIC_8961820,0.4779
ISIC_8961839,0.4800
ISIC_8962375,0.4779
ISIC_8963279,0.4804
ISIC_8964827,0.4758
ISIC_8966059,0.4766
ISIC_8966170,0.5241
ISIC_8966567,0.4723
ISIC_8967057,0.4747
ISIC_8967368,0.4751
ISIC_8967818,0.4773
ISIC_8968625,0.5289
ISIC_8971775,0.5284
ISIC_8973461,0.4710
ISIC_8977933,0.5054
ISIC_8978290,0.4801
ISIC_8978466,0.4784
ISIC_8980734,0.4806
ISIC_8980801,0.4753
ISIC_8981184,0.4716
ISIC_8981272,0.4726
ISIC_8981700,0.5147
ISIC_8981880,0.4775
ISIC_8983772,0.4767
ISIC_8989672,0.4791
ISIC_8991672,0.4733
ISIC_8992166,0.4786
ISIC_8993221,0.4784
ISIC_8993803,0.4772
ISIC_8995223,0.4790
ISIC_8995356,0.5273
ISIC_8996798,0.4732
ISIC_8996855,0.4751
ISIC_9000030,0.4763
ISIC_9000234,0.4761
ISIC_9001472,0.5300
ISIC_9001948,0.4732
ISIC_9002603,0.4733
ISIC_9004269,0.4753
ISIC_9005542,0.4803
ISIC_9005623,0.4765
ISIC_9008844,0.4787
ISIC_9009819,0.4742
ISIC_9011134,0.4771
ISIC_9012868,0.4763
ISIC_9013045,0.5222
ISIC_9013554,0.4770
ISIC_9015818,0.4778
ISIC_9018393,0.4787
ISIC_9018978,0.4771
ISIC_9019691,0.4789
ISIC_9022054,0.5256
ISIC_9022865,0.5245
ISIC_9024038,0.4905
ISIC_9024078,0.4773
ISIC_9024245,0.4789
ISIC_9024615,0.4781
ISIC_9027285,0.5321
ISIC_9028177,0.4794
ISIC_9028726,0.4743
ISIC_9028838,0.4801
ISIC_9029941,0.4833
ISIC_9038318,0.5227
ISIC_9042282,0.5208
ISIC_9042665,0.5257
ISIC_9044368,0.5232
ISIC_9045131,0.5304
ISIC_9047209,0.4763
ISIC_9051057,0.4770
ISIC_9052500,0.5265
ISIC_9053988,0.4787
ISIC_9054229,0.5238
ISIC_9056246,0.4789
ISIC_9057417,0.4738
ISIC_9059250,0.4765
ISIC_9059311,0.5225
ISIC_9062714,0.4779
ISIC_9064025,0.4749
ISIC_9064567,0.4813
ISIC_9064823,0.5239
ISIC_9067007,0.4787
ISIC_9067033,0.4731
ISIC_9067800,0.4753
ISIC_9068053,0.5322
ISIC_9069449,0.4738
ISIC_9071804,0.5217
ISIC_9071884,0.4769
ISIC_9072167,0.4779
ISIC_9073230,0.4769
ISIC_9074406,0.5182
ISIC_9075335,0.4755
ISIC_9076637,0.5282
ISIC_9077274,0.4743
ISIC_9077709,0.4783
ISIC_9078100,0.4769
ISIC_9079489,0.4802
ISIC_9080990,0.5167
ISIC_9082440,0.4723
ISIC_9083592,0.4795
ISIC_9084483,0.4773
ISIC_9086288,0.4762
ISIC_9088656,0.4790
ISIC_9088917,0.4763
ISIC_9089031,0.4786
ISIC_9089998,0.4782
ISIC_9090435,0.4762
ISIC_9091415,0.4722
ISIC_9091562,0.4812
ISIC_9091954,0.4779
ISIC_9092298,0.4787
ISIC_9094080,0.4782
ISIC_9094956,0.4758
ISIC_9096001,0.4792
ISIC_9100353,0.4770
ISIC_9103798,0.5206
ISIC_9105176,0.5220
ISIC_9106670,0.5226
ISIC_9107811,0.4780
ISIC_9109361,0.4763
ISIC_9109515,0.4790
ISIC_9112213,0.4791
ISIC_9115256,0.5111
ISIC_9115855,0.4780
ISIC_9118842,0.4797
ISIC_9122329,0.4775
ISIC_9123642,0.4777
ISIC_9124447,0.5059
ISIC_9125543,0.4782
ISIC_9125808,0.4778
ISIC_9127114,0.5267
ISIC_9130704,0.4769
ISIC_9132088,0.4777
ISIC_9133299,0.4781
ISIC_9135750,0.5214
ISIC_9140677,0.4781
ISIC_9141065,0.4797
ISIC_9143077,0.4743
ISIC_9144769,0.4779
ISIC_9146025,0.4775
ISIC_9146648,0.4807
ISIC_9146705,0.5312
ISIC_9148950,0.4764
ISIC_9149051,0.5247
ISIC_9151409,0.4789
ISIC_9153636,0.5203
ISIC_9154000,0.4769
ISIC_9155003,0.5261
ISIC_9156264,0.4722
ISIC_9157619,0.4813
ISIC_9157809,0.4991
ISIC_9159289,0.5185
ISIC_9159739,0.4750
ISIC_9160614,0.4781
ISIC_9160772,0.4901
ISIC_9161341,0.4751
ISIC_9161937,0.5259
ISIC_9162451,0.4772
ISIC_9163684,0.4786
ISIC_9164813,0.4758
ISIC_9166979,0.4781
ISIC_9167719,0.4751
ISIC_9167741,0.4753
ISIC_9168700,0.5295
ISIC_9168779,0.4912
ISIC_9169000,0.5213
ISIC_9171583,0.4783
ISIC_9172357,0.5242
ISIC_9174092,0.4771
ISIC_9174306,0.4774
ISIC_9174347,0.5101
ISIC_9175856,0.4799
ISIC_9176472,0.4790
ISIC_9177435,0.5238
ISIC_9178485,0.4785
ISIC_9180507,0.4788
ISIC_9184450,0.5301
ISIC_9185624,0.4783
ISIC_9186921,0.5186
ISIC_9188567,0.5193
ISIC_9191619,0.4778
ISIC_9196424,0.4704
ISIC_9196583,0.4790
ISIC_9196783,0.4767
ISIC_9196819,0.4787
ISIC_9198021,0.4796
ISIC_9198657,0.4784
ISIC_9199229,0.4788
ISIC_9199965,0.4787
ISIC_9202278,0.4797
ISIC_9203914,0.4719
ISIC_9204214,0.4789
ISIC_9206499,0.4759
ISIC_9206710,0.4754
ISIC_9207895,0.4779
ISIC_9211989,0.5241
ISIC_9214709,0.4776
ISIC_9217917,0.4959
ISIC_9218984,0.5170
ISIC_9219980,0.5260
ISIC_9221004,0.5294
ISIC_9221190,0.4786
ISIC_9223108,0.4816
ISIC_9224337,0.4727
ISIC_9225210,0.5143
ISIC_9225880,0.5263
ISIC_9227205,0.4788
ISIC_9230781,0.4779
ISIC_9230809,0.4788
ISIC_9230826,0.4780
ISIC_9232157,0.5267
ISIC_9236241,0.4780
ISIC_9237341,0.5202
ISIC_9238366,0.4796
ISIC_9239271,0.5229
ISIC_9240979,0.4785
ISIC_9241093,0.4784
ISIC_9242094,0.4750
ISIC_9242141,0.4791
ISIC_9246650,0.4724
ISIC_9246908,0.4764
ISIC_9247141,0.4785
ISIC_9249257,0.4750
ISIC_9249434,0.4776
ISIC_9250269,0.4757
ISIC_9252122,0.4790
ISIC_9252628,0.4737
ISIC_9252800,0.5206
ISIC_9255083,0.4778
ISIC_9257020,0.4759
ISIC_9257167,0.4730
ISIC_9257356,0.4790
ISIC_9259892,0.4724
ISIC_9260395,0.4771
ISIC_9260499,0.4762
ISIC_9262162,0.4770
ISIC_9262606,0.4752
ISIC_9264993,0.4768
ISIC_9267267,0.4785
ISIC_9270367,0.4765
ISIC_9270418,0.4766
ISIC_9271101,0.4811
ISIC_9271848,0.4767
ISIC_9272859,0.4736
ISIC_9273777,0.4783
ISIC_9274260,0.5229
ISIC_9280210,0.5178
ISIC_9280557,0.4740
ISIC_9283374,0.4766
ISIC_9283914,0.4789
ISIC_9285033,0.4740
ISIC_9286929,0.5072
ISIC_9286968,0.4725
ISIC_9287229,0.5249
ISIC_9287470,0.4777
ISIC_9288490,0.5237
ISIC_9288921,0.4837
ISIC_9291222,0.4774
ISIC_9292220,0.4738
ISIC_9293491,0.4783
ISIC_9294593,0.4785
ISIC_9296862,0.5256
ISIC_9297585,0.4768
ISIC_9298545,0.5240
ISIC_9299197,0.4723
ISIC_9299483,0.4775
ISIC_9300449,0.4801
ISIC_9301333,0.4786
ISIC_9305113,0.5247
ISIC_9305209,0.4781
ISIC_9307584,0.4765
ISIC_9308276,0.4762
ISIC_9308886,0.4786
ISIC_9311864,0.4731
ISIC_9317378,0.4736
ISIC_9317777,0.4790
ISIC_9318322,0.5267
ISIC_9319602,0.4726
ISIC_9319661,0.4757
ISIC_9320310,0.4751
ISIC_9321383,0.5185
ISIC_9321537,0.4770
ISIC_9322705,0.4764
ISIC_9326674,0.5259
ISIC_9329505,0.4760
ISIC_9330876,0.5252
ISIC_9331782,0.5216
ISIC_9332795,0.5225
ISIC_9333245,0.4762
ISIC_9333906,0.5240
ISIC_9336892,0.4785
ISIC_9337015,0.4794
ISIC_9338267,0.5246
ISIC_9338349,0.4732
ISIC_9339713,0.4794
ISIC_9339842,0.5247
ISIC_9340334,0.4763
ISIC_9342053,0.4718
ISIC_9345294,0.4788
ISIC_9345669,0.5182
ISIC_9345892,0.4779
ISIC_9347736,0.4759
ISIC_9350197,0.4758
ISIC_9351418,0.4773
ISIC_9355326,0.4755
ISIC_9356980,0.4794
ISIC_9361984,0.4766
ISIC_9362964,0.4782
ISIC_9364643,0.5236
ISIC_9364994,0.4799
ISIC_9365475,0.4789
ISIC_9365486,0.4781
ISIC_9366620,0.4776
ISIC_9367353,0.4766
ISIC_9367445,0.4720
ISIC_9367832,0.4775
ISIC_9368315,0.4799
ISIC_9369222,0.4761
ISIC_9371926,0.4776
ISIC_9374061,0.4730
ISIC_9378140,0.4789
ISIC_9378782,0.4785
ISIC_9378883,0.4731
ISIC_9382392,0.4729
ISIC_9382494,0.5236
ISIC_9389341,0.4786
ISIC_9389870,0.4719
ISIC_9390305,0.4780
ISIC_9393022,0.4770
ISIC_9395144,0.5184
ISIC_9397696,0.4783
ISIC_9398989,0.4780
ISIC_9401543,0.4759
ISIC_9402810,0.4723
ISIC_9403039,0.4743
ISIC_9403126,0.4724
ISIC_9405838,0.4790
ISIC_9405920,0.4811
ISIC_9406118,0.5195
ISIC_9406299,0.4806
ISIC_9406568,0.4795
ISIC_9407019,0.4769
ISIC_9407543,0.4783
ISIC_9407781,0.4935
ISIC_9408875,0.4791
ISIC_9411337,0.4766
ISIC_9414150,0.4824
ISIC_9415085,0.4775
ISIC_9417004,0.4789
ISIC_9419847,0.4761
ISIC_9424172,0.5311
ISIC_9424706,0.4866
ISIC_9424787,0.4755
ISIC_9426607,0.4771
ISIC_9429096,0.4801
ISIC_9430349,0.4788
ISIC_9433902,0.4776
ISIC_9434115,0.4745
ISIC_9435180,0.4778
ISIC_9435742,0.4782
ISIC_9436034,0.4781
ISIC_9438011,0.4833
ISIC_9438178,0.4866
ISIC_9440581,0.4775
ISIC_9441393,0.4772
ISIC_9442095,0.4782
ISIC_9443041,0.4771
ISIC_9443184,0.4734
ISIC_9443855,0.4755
ISIC_9445441,0.4784
ISIC_9448128,0.4778
ISIC_9448281,0.4792
ISIC_9449442,0.5203
ISIC_9450541,0.4732
ISIC_9452964,0.4815
ISIC_9453392,0.4744
ISIC_9454730,0.4771
ISIC_9458782,0.4785
ISIC_9461926,0.4785
ISIC_9462979,0.4850
ISIC_9466320,0.4792
ISIC_9469079,0.5255
ISIC_9471156,0.4732
ISIC_9472515,0.5274
ISIC_9472975,0.4763
ISIC_9473491,0.5218
ISIC_9473492,0.4780
ISIC_9474470,0.4782
ISIC_9475217,0.4779
ISIC_9475559,0.4785
ISIC_9475941,0.4789
ISIC_9476664,0.4797
ISIC_9477738,0.4784
ISIC_9478109,0.5220
ISIC_9478517,0.4804
ISIC_9478930,0.5262
ISIC_9481406,0.4946
ISIC_9481834,0.4781
ISIC_9482037,0.4772
ISIC_9482754,0.4772
ISIC_9482842,0.4753
ISIC_9487928,0.4793
ISIC_9489128,0.5241
ISIC_9492000,0.5231
ISIC_9497587,0.4781
ISIC_9498356,0.5218
ISIC_9498976,0.5291
ISIC_9499654,0.4783
ISIC_9499685,0.4775
ISIC_9500007,0.4723
ISIC_9502863,0.4769
ISIC_9503498,0.4741
ISIC_9505595,0.4772
ISIC_9509813,0.4765
ISIC_9512345,0.5261
ISIC_9513932,0.4782
ISIC_9516170,0.4766
ISIC_9516457,0.4784
ISIC_9524576,0.4781
ISIC_9525930,0.5274
ISIC_9527051,0.4736
ISIC_9528732,0.4762
ISIC_9529971,0.5031
ISIC_9530032,0.4756
ISIC_9531527,0.5222
ISIC_9534415,0.4773
ISIC_9537483,0.4772
ISIC_9540598,0.4771
ISIC_9540703,0.4781
ISIC_9541033,0.5248
ISIC_9541491,0.4788
ISIC_9543945,0.4773
ISIC_9544832,0.5268
ISIC_9545346,0.4745
ISIC_9545819,0.4769
ISIC_9548034,0.4736
ISIC_9549857,0.4919
ISIC_9551360,0.4770
ISIC_9551410,0.4777
ISIC_9555702,0.4770
ISIC_9558915,0.4783
ISIC_9559293,0.5058
ISIC_9559922,0.4755
ISIC_9560804,0.5274
ISIC_9561954,0.4769
ISIC_9562036,0.4772
ISIC_9562731,0.4791
ISIC_9564525,0.4780
ISIC_9565330,0.5295
ISIC_9567812,0.4708
ISIC_9568166,0.4867
ISIC_9568229,0.5224
ISIC_9570855,0.4770
ISIC_9572152,0.4799
ISIC_9574488,0.4806
ISIC_9577302,0.4770
ISIC_9578109,0.4736
ISIC_9579703,0.4850
ISIC_9579996,0.5129
ISIC_9580143,0.4785
ISIC_9580941,0.4786
ISIC_9586629,0.4770
ISIC_9588065,0.4787
ISIC_9588205,0.4720
ISIC_9591934,0.4774
ISIC_9595201,0.4766
ISIC_9597731,0.4778
ISIC_9598453,0.4797
ISIC_9599187,0.5000
ISIC_9606109,0.4778
ISIC_9608159,0.5269
ISIC_9612481,0.4744
ISIC_9614483,0.4781
ISIC_9615264,0.4776
ISIC_9615579,0.4718
ISIC_9615629,0.4793
ISIC_9616024,0.4784
ISIC_9616986,0.4746
ISIC_9617969,0.4788
ISIC_9618016,0.4761
ISIC_9619162,0.4793
ISIC_9620642,0.4728
ISIC_9622274,0.5151
ISIC_9623772,0.4738
ISIC_9625873,0.5229
ISIC_9625875,0.4767
ISIC_9627148,0.4786
ISIC_9627932,0.4770
ISIC_9629024,0.4794
ISIC_9631669,0.4791
ISIC_9631792,0.4782
ISIC_9631793,0.5216
ISIC_9632450,0.5215
ISIC_9634018,0.4786
ISIC_9635857,0.4932
ISIC_9636293,0.4746
ISIC_9636514,0.4775
ISIC_9636849,0.4780
ISIC_9637245,0.4781
ISIC_9637932,0.5328
ISIC_9637941,0.4765
ISIC_9638270,0.4746
ISIC_9642671,0.4749
ISIC_9643294,0.4779
ISIC_9643846,0.4773
ISIC_9644397,0.4791
ISIC_9644412,0.5249
ISIC_9647502,0.4763
ISIC_9648563,0.4757
ISIC_9648812,0.4740
ISIC_9649225,0.4715
ISIC_9649587,0.4887
ISIC_9652183,0.4784
ISIC_9654389,0.4775
ISIC_9654537,0.4767
ISIC_9658370,0.4774
ISIC_9660528,0.5215
ISIC_9661686,0.4768
ISIC_9663140,0.4781
ISIC_9663406,0.4792
ISIC_9665486,0.4765
ISIC_9667908,0.4786
ISIC_9670029,0.4735
ISIC_9670242,0.4759
ISIC_9672376,0.4789
ISIC_9672719,0.4785
ISIC_9672734,0.4788
ISIC_9672879,0.4789
ISIC_9673791,0.4782
ISIC_9675304,0.4764
ISIC_9676432,0.4795
ISIC_9677503,0.5270
ISIC_9677697,0.4791
ISIC_9679700,0.4792
ISIC_9680231,0.5239
ISIC_9680911,0.4734
ISIC_9681146,0.5229
ISIC_9681655,0.4770
ISIC_9682376,0.5193
ISIC_9685766,0.4753
ISIC_9688119,0.4732
ISIC_9689618,0.4783
ISIC_9690263,0.5119
ISIC_9690865,0.5174
ISIC_9691372,0.4754
ISIC_9694911,0.4772
ISIC_9696188,0.4996
ISIC_9696846,0.4779
ISIC_9698786,0.5000
ISIC_9699087,0.4747
ISIC_9699635,0.4769
ISIC_9706034,0.4783
ISIC_9709101,0.4795
ISIC_9710168,0.4785
ISIC_9710367,0.4799
ISIC_9714160,0.5252
ISIC_9719576,0.5060
ISIC_9720044,0.4770
ISIC_9720518,0.5275
ISIC_9723646,0.4794
ISIC_9724550,0.4781
ISIC_9725848,0.4752
ISIC_9726957,0.4790
ISIC_9731331,0.4807
ISIC_9731788,0.4781
ISIC_9731969,0.4801
ISIC_9732800,0.4736
ISIC_9733592,0.4918
ISIC_9733758,0.5268
ISIC_9734174,0.4746
ISIC_9735601,0.4762
ISIC_9737009,0.4739
ISIC_9738306,0.4758
ISIC_9739954,0.4775
ISIC_9740471,0.4720
ISIC_9742104,0.4743
ISIC_9743014,0.5201
ISIC_9744206,0.5230
ISIC_9745492,0.4793
ISIC_9745562,0.4756
ISIC_9745942,0.5037
ISIC_9747249,0.4779
ISIC_9747704,0.4718
ISIC_9748173,0.4740
ISIC_9751013,0.4770
ISIC_9754455,0.4783
ISIC_9755946,0.4773
ISIC_9756117,0.4809
ISIC_9759505,0.4780
ISIC_9760652,0.4782
ISIC_9764973,0.4792
ISIC_9765024,0.4750
ISIC_9765760,0.4768
ISIC_9772039,0.4797
ISIC_9773002,0.4742
ISIC_9773404,0.5324
ISIC_9775153,0.4877
ISIC_9775680,0.4747
ISIC_9777269,0.4744
ISIC_9778253,0.4772
ISIC_9778899,0.4769
ISIC_9779803,0.4760
ISIC_9780129,0.4774
ISIC_9781112,0.4731
ISIC_9782457,0.5212
ISIC_9785077,0.4776
ISIC_9787578,0.5051
ISIC_9787633,0.4763
ISIC_9788341,0.4772
ISIC_9788591,0.5195
ISIC_9789240,0.4761
ISIC_9791275,0.4738
ISIC_9794122,0.4790
ISIC_9794429,0.5231
ISIC_9795458,0.4792
ISIC_9797003,0.4802
ISIC_9797612,0.4753
ISIC_9799596,0.5199
ISIC_9803675,0.4823
ISIC_9805957,0.5184
ISIC_9806022,0.4771
ISIC_9808161,0.4771
ISIC_9810276,0.5242
ISIC_9810417,0.4737
ISIC_9811367,0.5272
ISIC_9816121,0.4743
ISIC_9816846,0.4764
ISIC_9817574,0.4784
ISIC_9819192,0.4788
ISIC_9820817,0.4782
ISIC_9822725,0.4761
ISIC_9823318,0.4796
ISIC_9824129,0.4775
ISIC_9824967,0.4740
ISIC_9825491,0.4772
ISIC_9825516,0.4758
ISIC_9825604,0.4712
ISIC_9825836,0.4792
ISIC_9826778,0.4774
ISIC_9827870,0.4747
ISIC_9828451,0.4768
ISIC_9829605,0.4758
ISIC_9829667,0.4715
ISIC_9829781,0.5240
ISIC_9831378,0.4756
ISIC_9832775,0.4739
ISIC_9834469,0.4761
ISIC_9834664,0.4743
ISIC_9837030,0.4769
ISIC_9837156,0.4735
ISIC_9840734,0.4766
ISIC_9843856,0.4785
ISIC_9844317,0.4761
ISIC_9846081,0.4776
ISIC_9846729,0.4800
ISIC_9847972,0.4791
ISIC_9848675,0.4766
ISIC_9849018,0.4767
ISIC_9851371,0.4755
ISIC_9851717,0.4781
ISIC_9854376,0.4754
ISIC_9855552,0.4792
ISIC_9858643,0.4835
ISIC_9859495,0.4768
ISIC_9859594,0.5174
ISIC_9859708,0.4798
ISIC_9861364,0.4985
ISIC_9861674,0.4799
ISIC_9863642,0.5212
ISIC_9866242,0.4772
ISIC_9867577,0.4763
ISIC_9868388,0.4744
ISIC_9871124,0.4776
ISIC_9873154,0.4725
ISIC_9876779,0.5294
ISIC_9877164,0.4759
ISIC_9880258,0.5010
ISIC_9880854,0.5247
ISIC_9882407,0.4761
ISIC_9882411,0.4780
ISIC_9883092,0.4773
ISIC_9884160,0.4745
ISIC_9884312,0.5219
ISIC_9888186,0.4772
ISIC_9888203,0.4770
ISIC_9888213,0.4835
ISIC_9889470,0.4774
ISIC_9889687,0.5211
ISIC_9891314,0.5213
ISIC_9893641,0.4709
ISIC_9894782,0.4801
ISIC_9896815,0.4756
ISIC_9899912,0.5215
ISIC_9900876,0.4741
ISIC_9902648,0.4783
ISIC_9903000,0.4769
ISIC_9906799,0.4784
ISIC_9910101,0.4781
ISIC_9913453,0.4759
ISIC_9913914,0.4817
ISIC_9915649,0.4787
ISIC_9915699,0.4780
ISIC_9918584,0.4781
ISIC_9918829,0.4756
ISIC_9924993,0.4790
ISIC_9925786,0.4795
ISIC_9926163,0.4770
ISIC_9928124,0.4773
ISIC_9929556,0.4767
ISIC_9931733,0.5207
ISIC_9935437,0.4742
ISIC_9938191,0.4782
ISIC_9939197,0.4733
ISIC_9939653,0.4759
ISIC_9939963,0.4789
ISIC_9949745,0.4778
ISIC_9952575,0.4744
ISIC_9955163,0.5243
ISIC_9955255,0.4782
ISIC_9956125,0.4779
ISIC_9956374,0.4788
ISIC_9956400,0.4801
ISIC_9957298,0.4783
ISIC_9964362,0.4808
ISIC_9973015,0.4806
ISIC_9973089,0.4757
ISIC_9973526,0.4773
ISIC_9973894,0.4781
ISIC_9975974,0.5237
ISIC_9977580,0.5242
ISIC_9978498,0.4868
ISIC_9980068,0.4792
ISIC_9981925,0.4739
ISIC_9982060,0.4773
ISIC_9982623,0.4719
ISIC_9983696,0.4740
ISIC_9985141,0.4771
ISIC_9986333,0.4775
ISIC_9990676,0.4773
ISIC_9995140,0.5296
ISIC_9995166,0.5293
ISIC_9995691,0.4778
ISIC_9996662,0.4732
ISIC_9998152,0.4772
ISIC_9998582,0.4752
ISIC_9999515,0.4774
